{
    "$schema": "https://schema.management.azure.com/schemas/2015-01-01/deploymentParameters.json#",
    "contentVersion": "1.0.0.0",
    "parameters": {
        "virtualMachines_myVM1_name": {
            "value": null
        },
        "virtualMachines_myVM2_name": {
            "value": null
        },
        "virtualMachines_myVM3_name": {
            "value": null
        },
        "virtualMachines_myTestVM_name": {
            "value": null
        },
        "networkInterfaces_myVMnic1_name": {
            "value": null
        },
        "networkInterfaces_myVMnic3_name": {
            "value": null
        },
        "virtualNetworks_IntLB_VNet_name": {
            "value": null
        },
        "networkInterfaces_myMV2nic2_name": {
            "value": null
        },
        "networkSecurityGroups_myNSG_name": {
            "value": null
        },
        "networkInterfaces_mytestvm497_name": {
            "value": null
        },
        "bastionHosts_IntLB_VNet_Bastion_name": {
            "value": null
        },
        "loadBalancers_MyIntLoadBalancer_name": {
            "value": null
        },
        "schedules_shutdown_computevm_mytestvm_name": {
            "value": null
        },
        "publicIPAddresses_IntLB_VNet_bastion_publicIpAddress_name": {
            "value": null
        }
    }
}