{
    "$schema": "https://schema.management.azure.com/schemas/2019-04-01/deploymentTemplate.json#",
    "contentVersion": "1.0.0.0",
    "parameters": {
        "virtualMachines_myVM1_name": {
            "defaultValue": "myVM1",
            "type": "String"
        },
        "virtualMachines_myVM2_name": {
            "defaultValue": "myVM2",
            "type": "String"
        },
        "virtualMachines_myVM3_name": {
            "defaultValue": "myVM3",
            "type": "String"
        },
        "virtualMachines_myTestVM_name": {
            "defaultValue": "myTestVM",
            "type": "String"
        },
        "networkInterfaces_myVMnic1_name": {
            "defaultValue": "myVMnic1",
            "type": "String"
        },
        "networkInterfaces_myVMnic3_name": {
            "defaultValue": "myVMnic3",
            "type": "String"
        },
        "virtualNetworks_IntLB_VNet_name": {
            "defaultValue": "IntLB-VNet",
            "type": "String"
        },
        "networkInterfaces_myMV2nic2_name": {
            "defaultValue": "myMV2nic2",
            "type": "String"
        },
        "networkSecurityGroups_myNSG_name": {
            "defaultValue": "myNSG",
            "type": "String"
        },
        "networkInterfaces_mytestvm497_name": {
            "defaultValue": "mytestvm497",
            "type": "String"
        },
        "bastionHosts_IntLB_VNet_Bastion_name": {
            "defaultValue": "IntLB-VNet-Bastion",
            "type": "String"
        },
        "loadBalancers_MyIntLoadBalancer_name": {
            "defaultValue": "MyIntLoadBalancer",
            "type": "String"
        },
        "schedules_shutdown_computevm_mytestvm_name": {
            "defaultValue": "shutdown-computevm-mytestvm",
            "type": "String"
        },
        "publicIPAddresses_IntLB_VNet_bastion_publicIpAddress_name": {
            "defaultValue": "IntLB-VNet-bastion-publicIpAddress",
            "type": "String"
        }
    },
    "variables": {},
    "resources": [
        {
            "type": "Microsoft.Network/networkSecurityGroups",
            "apiVersion": "2023-04-01",
            "name": "[parameters('networkSecurityGroups_myNSG_name')]",
            "location": "eastus",
            "tags": {
                "CreationDate_v1": "2023-08-29T13:31:56.3124981Z"
            },
            "properties": {
                "securityRules": [
                    {
                        "name": "default-allow-rdp",
                        "id": "[resourceId('Microsoft.Network/networkSecurityGroups/securityRules', parameters('networkSecurityGroups_myNSG_name'), 'default-allow-rdp')]",
                        "type": "Microsoft.Network/networkSecurityGroups/securityRules",
                        "properties": {
                            "protocol": "Tcp",
                            "sourcePortRange": "*",
                            "destinationPortRange": "3389",
                            "sourceAddressPrefix": "*",
                            "destinationAddressPrefix": "*",
                            "access": "Allow",
                            "priority": 1000,
                            "direction": "Inbound",
                            "sourcePortRanges": [],
                            "destinationPortRanges": [],
                            "sourceAddressPrefixes": [],
                            "destinationAddressPrefixes": []
                        }
                    }
                ]
            }
        },
        {
            "type": "Microsoft.Network/publicIPAddresses",
            "apiVersion": "2023-04-01",
            "name": "[parameters('publicIPAddresses_IntLB_VNet_bastion_publicIpAddress_name')]",
            "location": "eastus",
            "tags": {
                "CreationDate_v1": "2023-08-29T12:58:04.0221101Z"
            },
            "sku": {
                "name": "Standard",
                "tier": "Regional"
            },
            "properties": {
                "ipAddress": "13.82.68.83",
                "publicIPAddressVersion": "IPv4",
                "publicIPAllocationMethod": "Static",
                "idleTimeoutInMinutes": 4,
                "ipTags": [],
                "ddosSettings": {
                    "protectionMode": "VirtualNetworkInherited"
                }
            }
        },
        {
            "type": "Microsoft.Network/virtualNetworks",
            "apiVersion": "2023-04-01",
            "name": "[parameters('virtualNetworks_IntLB_VNet_name')]",
            "location": "eastus",
            "tags": {
                "CreationDate_v1": "2023-08-29T12:58:10.3301019Z"
            },
            "properties": {
                "addressSpace": {
                    "addressPrefixes": [
                        "10.1.0.0/16"
                    ]
                },
                "encryption": {
                    "enabled": false,
                    "enforcement": "AllowUnencrypted"
                },
                "subnets": [
                    {
                        "name": "myBackendSubnet",
                        "id": "[resourceId('Microsoft.Network/virtualNetworks/subnets', parameters('virtualNetworks_IntLB_VNet_name'), 'myBackendSubnet')]",
                        "properties": {
                            "addressPrefixes": [
                                "10.1.0.0/24"
                            ],
                            "delegations": [],
                            "privateEndpointNetworkPolicies": "Disabled",
                            "privateLinkServiceNetworkPolicies": "Enabled"
                        },
                        "type": "Microsoft.Network/virtualNetworks/subnets"
                    },
                    {
                        "name": "myFrontEndSubnet",
                        "id": "[resourceId('Microsoft.Network/virtualNetworks/subnets', parameters('virtualNetworks_IntLB_VNet_name'), 'myFrontEndSubnet')]",
                        "properties": {
                            "addressPrefixes": [
                                "10.1.2.0/24"
                            ],
                            "delegations": [],
                            "privateEndpointNetworkPolicies": "Disabled",
                            "privateLinkServiceNetworkPolicies": "Enabled"
                        },
                        "type": "Microsoft.Network/virtualNetworks/subnets"
                    },
                    {
                        "name": "AzureBastionSubnet",
                        "id": "[resourceId('Microsoft.Network/virtualNetworks/subnets', parameters('virtualNetworks_IntLB_VNet_name'), 'AzureBastionSubnet')]",
                        "properties": {
                            "addressPrefix": "10.1.1.0/26",
                            "delegations": [],
                            "privateEndpointNetworkPolicies": "Disabled",
                            "privateLinkServiceNetworkPolicies": "Enabled"
                        },
                        "type": "Microsoft.Network/virtualNetworks/subnets"
                    }
                ],
                "virtualNetworkPeerings": [],
                "enableDdosProtection": false
            }
        },
        {
            "type": "Microsoft.Compute/virtualMachines",
            "apiVersion": "2023-03-01",
            "name": "[parameters('virtualMachines_myTestVM_name')]",
            "location": "eastus",
            "dependsOn": [
                "[resourceId('Microsoft.Network/networkInterfaces', parameters('networkInterfaces_mytestvm497_name'))]"
            ],
            "tags": {
                "CreationDate_v1": "2023-08-31T23:12:12.1550026Z"
            },
            "properties": {
                "hardwareProfile": {
                    "vmSize": "Standard_D2s_v3"
                },
                "storageProfile": {
                    "imageReference": {
                        "publisher": "MicrosoftWindowsServer",
                        "offer": "WindowsServer",
                        "sku": "2019-datacenter-gensecond",
                        "version": "latest"
                    },
                    "osDisk": {
                        "osType": "Windows",
                        "name": "[concat(parameters('virtualMachines_myTestVM_name'), '_disk1_f4780a4df28f4b68b93294e9d62352ad')]",
                        "createOption": "FromImage",
                        "caching": "ReadWrite",
                        "managedDisk": {
                            "id": "[resourceId('Microsoft.Compute/disks', concat(parameters('virtualMachines_myTestVM_name'), '_disk1_f4780a4df28f4b68b93294e9d62352ad'))]"
                        },
                        "deleteOption": "Delete"
                    },
                    "dataDisks": [],
                    "diskControllerType": "SCSI"
                },
                "osProfile": {
                    "computerName": "[parameters('virtualMachines_myTestVM_name')]",
                    "adminUsername": "TestUser",
                    "windowsConfiguration": {
                        "provisionVMAgent": true,
                        "enableAutomaticUpdates": true,
                        "patchSettings": {
                            "patchMode": "AutomaticByOS",
                            "assessmentMode": "ImageDefault",
                            "enableHotpatching": false
                        },
                        "enableVMAgentPlatformUpdates": false
                    },
                    "secrets": [],
                    "allowExtensionOperations": true,
                    "requireGuestProvisionSignal": true
                },
                "networkProfile": {
                    "networkInterfaces": [
                        {
                            "id": "[resourceId('Microsoft.Network/networkInterfaces', parameters('networkInterfaces_mytestvm497_name'))]",
                            "properties": {
                                "deleteOption": "Detach"
                            }
                        }
                    ]
                },
                "diagnosticsProfile": {
                    "bootDiagnostics": {
                        "enabled": true
                    }
                }
            }
        },
        {
            "type": "Microsoft.Compute/virtualMachines",
            "apiVersion": "2023-03-01",
            "name": "[parameters('virtualMachines_myVM1_name')]",
            "location": "eastus",
            "dependsOn": [
                "[resourceId('Microsoft.Network/networkInterfaces', parameters('networkInterfaces_myVMnic1_name'))]"
            ],
            "tags": {
                "CreationDate_v1": "2023-08-29T13:21:24.3330831Z"
            },
            "properties": {
                "hardwareProfile": {
                    "vmSize": "Standard_DS1_v2"
                },
                "storageProfile": {
                    "imageReference": {
                        "publisher": "MicrosoftWindowsServer",
                        "offer": "WindowsServer",
                        "sku": "2019-Datacenter",
                        "version": "latest"
                    },
                    "osDisk": {
                        "osType": "Windows",
                        "name": "[concat(parameters('virtualMachines_myVM1_name'), '_disk1_50680f7af9c24ea1b9c4782139c0bc3b')]",
                        "createOption": "FromImage",
                        "caching": "ReadWrite",
                        "managedDisk": {
                            "id": "[resourceId('Microsoft.Compute/disks', concat(parameters('virtualMachines_myVM1_name'), '_disk1_50680f7af9c24ea1b9c4782139c0bc3b'))]"
                        },
                        "deleteOption": "Detach"
                    },
                    "dataDisks": []
                },
                "osProfile": {
                    "computerName": "[parameters('virtualMachines_myVM1_name')]",
                    "adminUsername": "TestUser",
                    "windowsConfiguration": {
                        "provisionVMAgent": true,
                        "enableAutomaticUpdates": true,
                        "patchSettings": {
                            "patchMode": "AutomaticByOS",
                            "assessmentMode": "ImageDefault"
                        },
                        "enableVMAgentPlatformUpdates": false
                    },
                    "secrets": [],
                    "allowExtensionOperations": true
                },
                "networkProfile": {
                    "networkInterfaces": [
                        {
                            "id": "[resourceId('Microsoft.Network/networkInterfaces', parameters('networkInterfaces_myVMnic1_name'))]",
                            "properties": {
                                "primary": true
                            }
                        }
                    ]
                }
            }
        },
        {
            "type": "Microsoft.Compute/virtualMachines",
            "apiVersion": "2023-03-01",
            "name": "[parameters('virtualMachines_myVM2_name')]",
            "location": "eastus",
            "dependsOn": [
                "[resourceId('Microsoft.Network/networkInterfaces', parameters('networkInterfaces_myMV2nic2_name'))]"
            ],
            "tags": {
                "CreationDate_v1": "2023-08-29T13:27:23.0910370Z"
            },
            "properties": {
                "hardwareProfile": {
                    "vmSize": "Standard_DS1_v2"
                },
                "storageProfile": {
                    "imageReference": {
                        "publisher": "MicrosoftWindowsServer",
                        "offer": "WindowsServer",
                        "sku": "2019-Datacenter",
                        "version": "latest"
                    },
                    "osDisk": {
                        "osType": "Windows",
                        "name": "[concat(parameters('virtualMachines_myVM2_name'), '_disk1_732e520610324ec082b75447e4aa558d')]",
                        "createOption": "FromImage",
                        "caching": "ReadWrite",
                        "managedDisk": {
                            "id": "[resourceId('Microsoft.Compute/disks', concat(parameters('virtualMachines_myVM2_name'), '_disk1_732e520610324ec082b75447e4aa558d'))]"
                        },
                        "deleteOption": "Detach"
                    },
                    "dataDisks": []
                },
                "osProfile": {
                    "computerName": "[parameters('virtualMachines_myVM2_name')]",
                    "adminUsername": "TestUser",
                    "windowsConfiguration": {
                        "provisionVMAgent": true,
                        "enableAutomaticUpdates": true,
                        "patchSettings": {
                            "patchMode": "AutomaticByOS",
                            "assessmentMode": "ImageDefault"
                        },
                        "enableVMAgentPlatformUpdates": false
                    },
                    "secrets": [],
                    "allowExtensionOperations": true
                },
                "networkProfile": {
                    "networkInterfaces": [
                        {
                            "id": "[resourceId('Microsoft.Network/networkInterfaces', parameters('networkInterfaces_myMV2nic2_name'))]",
                            "properties": {
                                "primary": true
                            }
                        }
                    ]
                }
            }
        },
        {
            "type": "Microsoft.Compute/virtualMachines",
            "apiVersion": "2023-03-01",
            "name": "[parameters('virtualMachines_myVM3_name')]",
            "location": "eastus",
            "dependsOn": [
                "[resourceId('Microsoft.Network/networkInterfaces', parameters('networkInterfaces_myVMnic3_name'))]"
            ],
            "tags": {
                "CreationDate_v1": "2023-08-29T13:31:58.4729736Z"
            },
            "properties": {
                "hardwareProfile": {
                    "vmSize": "Standard_DS1_v2"
                },
                "storageProfile": {
                    "imageReference": {
                        "publisher": "MicrosoftWindowsServer",
                        "offer": "WindowsServer",
                        "sku": "2019-Datacenter",
                        "version": "latest"
                    },
                    "osDisk": {
                        "osType": "Windows",
                        "name": "[concat(parameters('virtualMachines_myVM3_name'), '_disk1_23b0b1018d104434a7a348cc47742797')]",
                        "createOption": "FromImage",
                        "caching": "ReadWrite",
                        "managedDisk": {
                            "id": "[resourceId('Microsoft.Compute/disks', concat(parameters('virtualMachines_myVM3_name'), '_disk1_23b0b1018d104434a7a348cc47742797'))]"
                        },
                        "deleteOption": "Detach"
                    },
                    "dataDisks": []
                },
                "osProfile": {
                    "computerName": "[parameters('virtualMachines_myVM3_name')]",
                    "adminUsername": "TestUser",
                    "windowsConfiguration": {
                        "provisionVMAgent": true,
                        "enableAutomaticUpdates": true,
                        "patchSettings": {
                            "patchMode": "AutomaticByOS",
                            "assessmentMode": "ImageDefault"
                        },
                        "enableVMAgentPlatformUpdates": false
                    },
                    "secrets": [],
                    "allowExtensionOperations": true
                },
                "networkProfile": {
                    "networkInterfaces": [
                        {
                            "id": "[resourceId('Microsoft.Network/networkInterfaces', parameters('networkInterfaces_myVMnic3_name'))]",
                            "properties": {
                                "primary": true
                            }
                        }
                    ]
                }
            }
        },
        {
            "type": "Microsoft.Compute/virtualMachines/extensions",
            "apiVersion": "2023-03-01",
            "name": "[concat(parameters('virtualMachines_myVM1_name'), '/VMConfig')]",
            "location": "eastus",
            "dependsOn": [
                "[resourceId('Microsoft.Compute/virtualMachines', parameters('virtualMachines_myVM1_name'))]"
            ],
            "tags": {
                "CreationDate_v1": "2023-08-29T13:22:27.6783097Z"
            },
            "properties": {
                "autoUpgradeMinorVersion": true,
                "publisher": "Microsoft.Compute",
                "type": "CustomScriptExtension",
                "typeHandlerVersion": "1.7",
                "settings": {
                    "fileUris": [
                        "https://raw.githubusercontent.com/tiagocostapt/az-700-labs/master/install-iis.ps1"
                    ],
                    "commandToExecute": "powershell.exe -ExecutionPolicy Unrestricted -File install-iis.ps1"
                },
                "protectedSettings": {}
            }
        },
        {
            "type": "Microsoft.Compute/virtualMachines/extensions",
            "apiVersion": "2023-03-01",
            "name": "[concat(parameters('virtualMachines_myVM2_name'), '/VMConfig')]",
            "location": "eastus",
            "dependsOn": [
                "[resourceId('Microsoft.Compute/virtualMachines', parameters('virtualMachines_myVM2_name'))]"
            ],
            "tags": {
                "CreationDate_v1": "2023-08-29T13:28:23.8844504Z"
            },
            "properties": {
                "autoUpgradeMinorVersion": true,
                "publisher": "Microsoft.Compute",
                "type": "CustomScriptExtension",
                "typeHandlerVersion": "1.7",
                "settings": {
                    "fileUris": [
                        "https://raw.githubusercontent.com/tiagocostapt/az-700-labs/master/install-iis.ps1"
                    ],
                    "commandToExecute": "powershell.exe -ExecutionPolicy Unrestricted -File install-iis.ps1"
                },
                "protectedSettings": {}
            }
        },
        {
            "type": "Microsoft.Compute/virtualMachines/extensions",
            "apiVersion": "2023-03-01",
            "name": "[concat(parameters('virtualMachines_myVM3_name'), '/VMConfig')]",
            "location": "eastus",
            "dependsOn": [
                "[resourceId('Microsoft.Compute/virtualMachines', parameters('virtualMachines_myVM3_name'))]"
            ],
            "tags": {
                "CreationDate_v1": "2023-08-29T13:33:11.8476701Z"
            },
            "properties": {
                "autoUpgradeMinorVersion": true,
                "publisher": "Microsoft.Compute",
                "type": "CustomScriptExtension",
                "typeHandlerVersion": "1.7",
                "settings": {
                    "fileUris": [
                        "https://raw.githubusercontent.com/tiagocostapt/az-700-labs/master/install-iis.ps1"
                    ],
                    "commandToExecute": "powershell.exe -ExecutionPolicy Unrestricted -File install-iis.ps1"
                },
                "protectedSettings": {}
            }
        },
        {
            "type": "microsoft.devtestlab/schedules",
            "apiVersion": "2018-09-15",
            "name": "[parameters('schedules_shutdown_computevm_mytestvm_name')]",
            "location": "eastus",
            "dependsOn": [
                "[resourceId('Microsoft.Compute/virtualMachines', parameters('virtualMachines_myTestVM_name'))]"
            ],
            "tags": {
                "CreationDate_v1": "2023-08-31T23:12:41.0147681Z"
            },
            "properties": {
                "status": "Enabled",
                "taskType": "ComputeVmShutdownTask",
                "dailyRecurrence": {
                    "time": "1900"
                },
                "timeZoneId": "UTC",
                "notificationSettings": {
                    "status": "Disabled",
                    "timeInMinutes": 30,
                    "notificationLocale": "en"
                },
                "targetResourceId": "[resourceId('Microsoft.Compute/virtualMachines', parameters('virtualMachines_myTestVM_name'))]"
            }
        },
        {
            "type": "Microsoft.Network/loadBalancers",
            "apiVersion": "2023-04-01",
            "name": "[parameters('loadBalancers_MyIntLoadBalancer_name')]",
            "location": "eastus",
            "dependsOn": [
                "[resourceId('Microsoft.Network/virtualNetworks/subnets', parameters('virtualNetworks_IntLB_VNet_name'), 'myFrontEndSubnet')]"
            ],
            "tags": {
                "CreationDate_v1": "2023-08-31T21:54:38.0417428Z"
            },
            "sku": {
                "name": "Standard",
                "tier": "Regional"
            },
            "properties": {
                "frontendIPConfigurations": [
                    {
                        "name": "LoadBalancerFrontEnd",
                        "id": "[concat(resourceId('Microsoft.Network/loadBalancers', parameters('loadBalancers_MyIntLoadBalancer_name')), '/frontendIPConfigurations/LoadBalancerFrontEnd')]",
                        "properties": {
                            "privateIPAddress": "10.1.2.4",
                            "privateIPAllocationMethod": "Dynamic",
                            "subnet": {
                                "id": "[resourceId('Microsoft.Network/virtualNetworks/subnets', parameters('virtualNetworks_IntLB_VNet_name'), 'myFrontEndSubnet')]"
                            },
                            "privateIPAddressVersion": "IPv4"
                        },
                        "zones": [
                            "1",
                            "3",
                            "2"
                        ]
                    }
                ],
                "backendAddressPools": [
                    {
                        "name": "myBackendPool",
                        "id": "[resourceId('Microsoft.Network/loadBalancers/backendAddressPools', parameters('loadBalancers_MyIntLoadBalancer_name'), 'myBackendPool')]",
                        "properties": {
                            "loadBalancerBackendAddresses": [
                                {
                                    "name": "IntLB-RG_myVMnic1ipconfig1",
                                    "properties": {}
                                },
                                {
                                    "name": "IntLB-RG_myMV2nic2ipconfig1",
                                    "properties": {}
                                },
                                {
                                    "name": "IntLB-RG_myVMnic3ipconfig1",
                                    "properties": {}
                                }
                            ]
                        }
                    }
                ],
                "loadBalancingRules": [
                    {
                        "name": "myHTTPRule",
                        "id": "[concat(resourceId('Microsoft.Network/loadBalancers', parameters('loadBalancers_MyIntLoadBalancer_name')), '/loadBalancingRules/myHTTPRule')]",
                        "properties": {
                            "frontendIPConfiguration": {
                                "id": "[concat(resourceId('Microsoft.Network/loadBalancers', parameters('loadBalancers_MyIntLoadBalancer_name')), '/frontendIPConfigurations/LoadBalancerFrontEnd')]"
                            },
                            "frontendPort": 80,
                            "backendPort": 80,
                            "enableFloatingIP": false,
                            "idleTimeoutInMinutes": 15,
                            "protocol": "Tcp",
                            "enableTcpReset": false,
                            "loadDistribution": "Default",
                            "disableOutboundSnat": true,
                            "backendAddressPool": {
                                "id": "[resourceId('Microsoft.Network/loadBalancers/backendAddressPools', parameters('loadBalancers_MyIntLoadBalancer_name'), 'myBackendPool')]"
                            },
                            "backendAddressPools": [
                                {
                                    "id": "[resourceId('Microsoft.Network/loadBalancers/backendAddressPools', parameters('loadBalancers_MyIntLoadBalancer_name'), 'myBackendPool')]"
                                }
                            ],
                            "probe": {
                                "id": "[concat(resourceId('Microsoft.Network/loadBalancers', parameters('loadBalancers_MyIntLoadBalancer_name')), '/probes/MyHealthProbe')]"
                            }
                        }
                    }
                ],
                "probes": [
                    {
                        "name": "MyHealthProbe",
                        "id": "[concat(resourceId('Microsoft.Network/loadBalancers', parameters('loadBalancers_MyIntLoadBalancer_name')), '/probes/MyHealthProbe')]",
                        "properties": {
                            "protocol": "Http",
                            "port": 80,
                            "requestPath": "/",
                            "intervalInSeconds": 15,
                            "numberOfProbes": 1,
                            "probeThreshold": 1
                        }
                    }
                ],
                "inboundNatRules": [],
                "outboundRules": [],
                "inboundNatPools": []
            }
        },
        {
            "type": "Microsoft.Network/loadBalancers/backendAddressPools",
            "apiVersion": "2023-04-01",
            "name": "[concat(parameters('loadBalancers_MyIntLoadBalancer_name'), '/myBackendPool')]",
            "dependsOn": [
                "[resourceId('Microsoft.Network/loadBalancers', parameters('loadBalancers_MyIntLoadBalancer_name'))]"
            ],
            "properties": {
                "loadBalancerBackendAddresses": [
                    {
                        "name": "IntLB-RG_myVMnic1ipconfig1",
                        "properties": {}
                    },
                    {
                        "name": "IntLB-RG_myMV2nic2ipconfig1",
                        "properties": {}
                    },
                    {
                        "name": "IntLB-RG_myVMnic3ipconfig1",
                        "properties": {}
                    }
                ]
            }
        },
        {
            "type": "Microsoft.Network/networkSecurityGroups/securityRules",
            "apiVersion": "2023-04-01",
            "name": "[concat(parameters('networkSecurityGroups_myNSG_name'), '/default-allow-rdp')]",
            "dependsOn": [
                "[resourceId('Microsoft.Network/networkSecurityGroups', parameters('networkSecurityGroups_myNSG_name'))]"
            ],
            "properties": {
                "protocol": "Tcp",
                "sourcePortRange": "*",
                "destinationPortRange": "3389",
                "sourceAddressPrefix": "*",
                "destinationAddressPrefix": "*",
                "access": "Allow",
                "priority": 1000,
                "direction": "Inbound",
                "sourcePortRanges": [],
                "destinationPortRanges": [],
                "sourceAddressPrefixes": [],
                "destinationAddressPrefixes": []
            }
        },
        {
            "type": "Microsoft.Network/virtualNetworks/subnets",
            "apiVersion": "2023-04-01",
            "name": "[concat(parameters('virtualNetworks_IntLB_VNet_name'), '/AzureBastionSubnet')]",
            "dependsOn": [
                "[resourceId('Microsoft.Network/virtualNetworks', parameters('virtualNetworks_IntLB_VNet_name'))]"
            ],
            "properties": {
                "addressPrefix": "10.1.1.0/26",
                "delegations": [],
                "privateEndpointNetworkPolicies": "Disabled",
                "privateLinkServiceNetworkPolicies": "Enabled"
            }
        },
        {
            "type": "Microsoft.Network/virtualNetworks/subnets",
            "apiVersion": "2023-04-01",
            "name": "[concat(parameters('virtualNetworks_IntLB_VNet_name'), '/myBackendSubnet')]",
            "dependsOn": [
                "[resourceId('Microsoft.Network/virtualNetworks', parameters('virtualNetworks_IntLB_VNet_name'))]"
            ],
            "properties": {
                "addressPrefixes": [
                    "10.1.0.0/24"
                ],
                "delegations": [],
                "privateEndpointNetworkPolicies": "Disabled",
                "privateLinkServiceNetworkPolicies": "Enabled"
            }
        },
        {
            "type": "Microsoft.Network/virtualNetworks/subnets",
            "apiVersion": "2023-04-01",
            "name": "[concat(parameters('virtualNetworks_IntLB_VNet_name'), '/myFrontEndSubnet')]",
            "dependsOn": [
                "[resourceId('Microsoft.Network/virtualNetworks', parameters('virtualNetworks_IntLB_VNet_name'))]"
            ],
            "properties": {
                "addressPrefixes": [
                    "10.1.2.0/24"
                ],
                "delegations": [],
                "privateEndpointNetworkPolicies": "Disabled",
                "privateLinkServiceNetworkPolicies": "Enabled"
            }
        },
        {
            "type": "Microsoft.Network/bastionHosts",
            "apiVersion": "2023-04-01",
            "name": "[parameters('bastionHosts_IntLB_VNet_Bastion_name')]",
            "location": "eastus",
            "dependsOn": [
                "[resourceId('Microsoft.Network/publicIPAddresses', parameters('publicIPAddresses_IntLB_VNet_bastion_publicIpAddress_name'))]",
                "[resourceId('Microsoft.Network/virtualNetworks/subnets', parameters('virtualNetworks_IntLB_VNet_name'), 'AzureBastionSubnet')]"
            ],
            "tags": {
                "CreationDate_v1": "2023-08-29T12:58:15.8429298Z"
            },
            "sku": {
                "name": "Basic"
            },
            "properties": {
                "dnsName": "bst-84be99be-5299-4189-92fe-ba414a24d00e.bastion.azure.com",
                "scaleUnits": 2,
                "ipConfigurations": [
                    {
                        "name": "IpConf",
                        "id": "[concat(resourceId('Microsoft.Network/bastionHosts', parameters('bastionHosts_IntLB_VNet_Bastion_name')), '/bastionHostIpConfigurations/IpConf')]",
                        "properties": {
                            "privateIPAllocationMethod": "Dynamic",
                            "publicIPAddress": {
                                "id": "[resourceId('Microsoft.Network/publicIPAddresses', parameters('publicIPAddresses_IntLB_VNet_bastion_publicIpAddress_name'))]"
                            },
                            "subnet": {
                                "id": "[resourceId('Microsoft.Network/virtualNetworks/subnets', parameters('virtualNetworks_IntLB_VNet_name'), 'AzureBastionSubnet')]"
                            }
                        }
                    }
                ]
            }
        },
        {
            "type": "Microsoft.Network/networkInterfaces",
            "apiVersion": "2023-04-01",
            "name": "[parameters('networkInterfaces_mytestvm497_name')]",
            "location": "eastus",
            "dependsOn": [
                "[resourceId('Microsoft.Network/virtualNetworks/subnets', parameters('virtualNetworks_IntLB_VNet_name'), 'myBackendSubnet')]",
                "[resourceId('Microsoft.Network/networkSecurityGroups', parameters('networkSecurityGroups_myNSG_name'))]"
            ],
            "tags": {
                "CreationDate_v1": "2023-08-31T23:12:10.6367148Z"
            },
            "kind": "Regular",
            "properties": {
                "ipConfigurations": [
                    {
                        "name": "ipconfig1",
                        "id": "[concat(resourceId('Microsoft.Network/networkInterfaces', parameters('networkInterfaces_mytestvm497_name')), '/ipConfigurations/ipconfig1')]",
                        "etag": "W/\"dda2b235-25a0-4961-b44c-f28d857f9214\"",
                        "type": "Microsoft.Network/networkInterfaces/ipConfigurations",
                        "properties": {
                            "provisioningState": "Succeeded",
                            "privateIPAddress": "10.1.0.7",
                            "privateIPAllocationMethod": "Dynamic",
                            "subnet": {
                                "id": "[resourceId('Microsoft.Network/virtualNetworks/subnets', parameters('virtualNetworks_IntLB_VNet_name'), 'myBackendSubnet')]"
                            },
                            "primary": true,
                            "privateIPAddressVersion": "IPv4"
                        }
                    }
                ],
                "dnsSettings": {
                    "dnsServers": []
                },
                "enableAcceleratedNetworking": true,
                "enableIPForwarding": false,
                "disableTcpStateTracking": false,
                "networkSecurityGroup": {
                    "id": "[resourceId('Microsoft.Network/networkSecurityGroups', parameters('networkSecurityGroups_myNSG_name'))]"
                },
                "nicType": "Standard",
                "auxiliaryMode": "None",
                "auxiliarySku": "None"
            }
        },
        {
            "type": "Microsoft.Network/networkInterfaces",
            "apiVersion": "2023-04-01",
            "name": "[parameters('networkInterfaces_myMV2nic2_name')]",
            "location": "eastus",
            "dependsOn": [
                "[resourceId('Microsoft.Network/virtualNetworks/subnets', parameters('virtualNetworks_IntLB_VNet_name'), 'myBackendSubnet')]",
                "[resourceId('Microsoft.Network/loadBalancers/backendAddressPools', parameters('loadBalancers_MyIntLoadBalancer_name'), 'myBackendPool')]",
                "[resourceId('Microsoft.Network/networkSecurityGroups', parameters('networkSecurityGroups_myNSG_name'))]"
            ],
            "tags": {
                "CreationDate_v1": "2023-08-29T13:27:19.2117418Z"
            },
            "kind": "Regular",
            "properties": {
                "ipConfigurations": [
                    {
                        "name": "ipconfig1",
                        "id": "[concat(resourceId('Microsoft.Network/networkInterfaces', parameters('networkInterfaces_myMV2nic2_name')), '/ipConfigurations/ipconfig1')]",
                        "etag": "W/\"1d4c1831-c576-4192-a62f-247593d35a98\"",
                        "type": "Microsoft.Network/networkInterfaces/ipConfigurations",
                        "properties": {
                            "provisioningState": "Succeeded",
                            "privateIPAddress": "10.1.0.5",
                            "privateIPAllocationMethod": "Dynamic",
                            "subnet": {
                                "id": "[resourceId('Microsoft.Network/virtualNetworks/subnets', parameters('virtualNetworks_IntLB_VNet_name'), 'myBackendSubnet')]"
                            },
                            "primary": true,
                            "privateIPAddressVersion": "IPv4",
                            "loadBalancerBackendAddressPools": [
                                {
                                    "id": "[resourceId('Microsoft.Network/loadBalancers/backendAddressPools', parameters('loadBalancers_MyIntLoadBalancer_name'), 'myBackendPool')]"
                                }
                            ]
                        }
                    }
                ],
                "dnsSettings": {
                    "dnsServers": []
                },
                "enableAcceleratedNetworking": false,
                "enableIPForwarding": false,
                "disableTcpStateTracking": false,
                "networkSecurityGroup": {
                    "id": "[resourceId('Microsoft.Network/networkSecurityGroups', parameters('networkSecurityGroups_myNSG_name'))]"
                },
                "nicType": "Standard",
                "auxiliaryMode": "None",
                "auxiliarySku": "None"
            }
        },
        {
            "type": "Microsoft.Network/networkInterfaces",
            "apiVersion": "2023-04-01",
            "name": "[parameters('networkInterfaces_myVMnic1_name')]",
            "location": "eastus",
            "dependsOn": [
                "[resourceId('Microsoft.Network/virtualNetworks/subnets', parameters('virtualNetworks_IntLB_VNet_name'), 'myBackendSubnet')]",
                "[resourceId('Microsoft.Network/loadBalancers/backendAddressPools', parameters('loadBalancers_MyIntLoadBalancer_name'), 'myBackendPool')]",
                "[resourceId('Microsoft.Network/networkSecurityGroups', parameters('networkSecurityGroups_myNSG_name'))]"
            ],
            "tags": {
                "CreationDate_v1": "2023-08-29T13:21:23.3888573Z"
            },
            "kind": "Regular",
            "properties": {
                "ipConfigurations": [
                    {
                        "name": "ipconfig1",
                        "id": "[concat(resourceId('Microsoft.Network/networkInterfaces', parameters('networkInterfaces_myVMnic1_name')), '/ipConfigurations/ipconfig1')]",
                        "etag": "W/\"4cba1cbf-6ba7-4d7f-8a27-43f8c880a5c2\"",
                        "type": "Microsoft.Network/networkInterfaces/ipConfigurations",
                        "properties": {
                            "provisioningState": "Succeeded",
                            "privateIPAddress": "10.1.0.4",
                            "privateIPAllocationMethod": "Dynamic",
                            "subnet": {
                                "id": "[resourceId('Microsoft.Network/virtualNetworks/subnets', parameters('virtualNetworks_IntLB_VNet_name'), 'myBackendSubnet')]"
                            },
                            "primary": true,
                            "privateIPAddressVersion": "IPv4",
                            "loadBalancerBackendAddressPools": [
                                {
                                    "id": "[resourceId('Microsoft.Network/loadBalancers/backendAddressPools', parameters('loadBalancers_MyIntLoadBalancer_name'), 'myBackendPool')]"
                                }
                            ]
                        }
                    }
                ],
                "dnsSettings": {
                    "dnsServers": []
                },
                "enableAcceleratedNetworking": false,
                "enableIPForwarding": false,
                "disableTcpStateTracking": false,
                "networkSecurityGroup": {
                    "id": "[resourceId('Microsoft.Network/networkSecurityGroups', parameters('networkSecurityGroups_myNSG_name'))]"
                },
                "nicType": "Standard",
                "auxiliaryMode": "None",
                "auxiliarySku": "None"
            }
        },
        {
            "type": "Microsoft.Network/networkInterfaces",
            "apiVersion": "2023-04-01",
            "name": "[parameters('networkInterfaces_myVMnic3_name')]",
            "location": "eastus",
            "dependsOn": [
                "[resourceId('Microsoft.Network/virtualNetworks/subnets', parameters('virtualNetworks_IntLB_VNet_name'), 'myBackendSubnet')]",
                "[resourceId('Microsoft.Network/loadBalancers/backendAddressPools', parameters('loadBalancers_MyIntLoadBalancer_name'), 'myBackendPool')]",
                "[resourceId('Microsoft.Network/networkSecurityGroups', parameters('networkSecurityGroups_myNSG_name'))]"
            ],
            "tags": {
                "CreationDate_v1": "2023-08-29T13:31:57.5453141Z"
            },
            "kind": "Regular",
            "properties": {
                "ipConfigurations": [
                    {
                        "name": "ipconfig1",
                        "id": "[concat(resourceId('Microsoft.Network/networkInterfaces', parameters('networkInterfaces_myVMnic3_name')), '/ipConfigurations/ipconfig1')]",
                        "etag": "W/\"167afa45-c181-4204-899c-71825cf78f2f\"",
                        "type": "Microsoft.Network/networkInterfaces/ipConfigurations",
                        "properties": {
                            "provisioningState": "Succeeded",
                            "privateIPAddress": "10.1.0.6",
                            "privateIPAllocationMethod": "Dynamic",
                            "subnet": {
                                "id": "[resourceId('Microsoft.Network/virtualNetworks/subnets', parameters('virtualNetworks_IntLB_VNet_name'), 'myBackendSubnet')]"
                            },
                            "primary": true,
                            "privateIPAddressVersion": "IPv4",
                            "loadBalancerBackendAddressPools": [
                                {
                                    "id": "[resourceId('Microsoft.Network/loadBalancers/backendAddressPools', parameters('loadBalancers_MyIntLoadBalancer_name'), 'myBackendPool')]"
                                }
                            ]
                        }
                    }
                ],
                "dnsSettings": {
                    "dnsServers": []
                },
                "enableAcceleratedNetworking": false,
                "enableIPForwarding": false,
                "disableTcpStateTracking": false,
                "networkSecurityGroup": {
                    "id": "[resourceId('Microsoft.Network/networkSecurityGroups', parameters('networkSecurityGroups_myNSG_name'))]"
                },
                "nicType": "Standard",
                "auxiliaryMode": "None",
                "auxiliarySku": "None"
            }
        }
    ]
}