{
    "$schema": "https://schema.management.azure.com/schemas/2019-04-01/deploymentTemplate.json#",
    "contentVersion": "1.0.0.0",
    "parameters": {
        "privateDnsZones_jp_com_name": {
            "defaultValue": "jp.com",
            "type": "String"
        },
        "virtualMachines_testvm1_name": {
            "defaultValue": "testvm1",
            "type": "String"
        },
        "virtualMachines_testvm2_name": {
            "defaultValue": "testvm2",
            "type": "String"
        },
        "publicIPAddresses_ag_pip_name": {
            "defaultValue": "ag-pip",
            "type": "String"
        },
        "virtualNetworks_ResearchVnet_name": {
            "defaultValue": "ResearchVnet",
            "type": "String"
        },
        "networkInterfaces_testvm1_nic_name": {
            "defaultValue": "testvm1-nic",
            "type": "String"
        },
        "networkInterfaces_testvm2_nic_name": {
            "defaultValue": "testvm2-nic",
            "type": "String"
        },
        "publicIPAddresses_testvm1_pip_name": {
            "defaultValue": "testvm1-pip",
            "type": "String"
        },
        "publicIPAddresses_testvm2_pip_name": {
            "defaultValue": "testvm2-pip",
            "type": "String"
        },
        "vaults_vault_llmywzyy_name": {
            "defaultValue": "vault-llmywzyy",
            "type": "String"
        },
        "virtualMachines_ManufacturingVM_name": {
            "defaultValue": "ManufacturingVM",
            "type": "String"
        },
        "storageAccounts_jpstorage755238_name": {
            "defaultValue": "jpstorage755238",
            "type": "String"
        },
        "virtualNetworks_CoreServicesVnet_name": {
            "defaultValue": "CoreServicesVnet",
            "type": "String"
        },
        "networkSecurityGroups_testvm1_nsg_name": {
            "defaultValue": "testvm1-nsg",
            "type": "String"
        },
        "networkSecurityGroups_testvm2_nsg_name": {
            "defaultValue": "testvm2-nsg",
            "type": "String"
        },
        "virtualNetworks_ManufacturingVnet_name": {
            "defaultValue": "ManufacturingVnet",
            "type": "String"
        },
        "networkSecurityGroups_jpPrivateNSG_name": {
            "defaultValue": "jpPrivateNSG",
            "type": "String"
        },
        "publicIPAddresses_ManufacturingVM_ip_name": {
            "defaultValue": "ManufacturingVM-ip",
            "type": "String"
        },
        "networkInterfaces_ManufacturingVM_nic_name": {
            "defaultValue": "ManufacturingVM-nic",
            "type": "String"
        },
        "networkSecurityGroups_ManufacturingVM_nsg_name": {
            "defaultValue": "ManufacturingVM-nsg",
            "type": "String"
        },
        "publicIPAddresses_CoreServicesVnetGateway_IP_name": {
            "defaultValue": "CoreServicesVnetGateway-IP",
            "type": "String"
        },
        "virtualNetworkGateways_CoreServicesVnetGateway_name": {
            "defaultValue": "CoreServicesVnetGateway",
            "type": "String"
        }
    },
    "variables": {},
    "resources": [
        {
            "type": "Microsoft.Network/networkSecurityGroups",
            "apiVersion": "2023-04-01",
            "name": "[parameters('networkSecurityGroups_jpPrivateNSG_name')]",
            "location": "eastus",
            "tags": {
                "CreationDate_v1": "2023-08-22T23:51:49.6220121Z"
            },
            "properties": {
                "securityRules": [
                    {
                        "name": "Allow-Storage-All",
                        "id": "[resourceId('Microsoft.Network/networkSecurityGroups/securityRules', parameters('networkSecurityGroups_jpPrivateNSG_name'), 'Allow-Storage-All')]",
                        "type": "Microsoft.Network/networkSecurityGroups/securityRules",
                        "properties": {
                            "protocol": "*",
                            "sourcePortRange": "*",
                            "destinationPortRange": "*",
                            "sourceAddressPrefix": "VirtualNetwork",
                            "destinationAddressPrefix": "Storage",
                            "access": "Allow",
                            "priority": 100,
                            "direction": "Outbound",
                            "sourcePortRanges": [],
                            "destinationPortRanges": [],
                            "sourceAddressPrefixes": [],
                            "destinationAddressPrefixes": []
                        }
                    },
                    {
                        "name": "Deny-Internal-All",
                        "id": "[resourceId('Microsoft.Network/networkSecurityGroups/securityRules', parameters('networkSecurityGroups_jpPrivateNSG_name'), 'Deny-Internal-All')]",
                        "type": "Microsoft.Network/networkSecurityGroups/securityRules",
                        "properties": {
                            "protocol": "*",
                            "sourcePortRange": "*",
                            "destinationPortRange": "*",
                            "sourceAddressPrefix": "VirtualNetwork",
                            "destinationAddressPrefix": "Internet",
                            "access": "Deny",
                            "priority": 110,
                            "direction": "Outbound",
                            "sourcePortRanges": [],
                            "destinationPortRanges": [],
                            "sourceAddressPrefixes": [],
                            "destinationAddressPrefixes": []
                        }
                    },
                    {
                        "name": "Allow-RDP-All",
                        "id": "[resourceId('Microsoft.Network/networkSecurityGroups/securityRules', parameters('networkSecurityGroups_jpPrivateNSG_name'), 'Allow-RDP-All')]",
                        "type": "Microsoft.Network/networkSecurityGroups/securityRules",
                        "properties": {
                            "protocol": "*",
                            "sourcePortRange": "*",
                            "destinationPortRange": "3389",
                            "sourceAddressPrefix": "*",
                            "destinationAddressPrefix": "VirtualNetwork",
                            "access": "Allow",
                            "priority": 120,
                            "direction": "Inbound",
                            "sourcePortRanges": [],
                            "destinationPortRanges": [],
                            "sourceAddressPrefixes": [],
                            "destinationAddressPrefixes": []
                        }
                    }
                ]
            }
        },
        {
            "type": "Microsoft.Network/networkSecurityGroups",
            "apiVersion": "2023-04-01",
            "name": "[parameters('networkSecurityGroups_ManufacturingVM_nsg_name')]",
            "location": "westeurope",
            "tags": {
                "CreationDate_v1": "2023-08-27T15:15:43.4839127Z"
            },
            "properties": {
                "securityRules": [
                    {
                        "name": "default-allow-rdp",
                        "id": "[resourceId('Microsoft.Network/networkSecurityGroups/securityRules', parameters('networkSecurityGroups_ManufacturingVM_nsg_name'), 'default-allow-rdp')]",
                        "type": "Microsoft.Network/networkSecurityGroups/securityRules",
                        "properties": {
                            "protocol": "Tcp",
                            "sourcePortRange": "*",
                            "destinationPortRange": "3389",
                            "sourceAddressPrefix": "*",
                            "destinationAddressPrefix": "*",
                            "access": "Allow",
                            "priority": 1000,
                            "direction": "Inbound",
                            "sourcePortRanges": [],
                            "destinationPortRanges": [],
                            "sourceAddressPrefixes": [],
                            "destinationAddressPrefixes": []
                        }
                    }
                ]
            }
        },
        {
            "type": "Microsoft.Network/networkSecurityGroups",
            "apiVersion": "2023-04-01",
            "name": "[parameters('networkSecurityGroups_testvm1_nsg_name')]",
            "location": "eastus",
            "tags": {
                "CreationDate_v1": "2023-08-27T14:55:41.5673173Z"
            },
            "properties": {
                "securityRules": [
                    {
                        "name": "default-allow-rdp",
                        "id": "[resourceId('Microsoft.Network/networkSecurityGroups/securityRules', parameters('networkSecurityGroups_testvm1_nsg_name'), 'default-allow-rdp')]",
                        "type": "Microsoft.Network/networkSecurityGroups/securityRules",
                        "properties": {
                            "protocol": "Tcp",
                            "sourcePortRange": "*",
                            "destinationPortRange": "3389",
                            "sourceAddressPrefix": "*",
                            "destinationAddressPrefix": "*",
                            "access": "Allow",
                            "priority": 1000,
                            "direction": "Inbound",
                            "sourcePortRanges": [],
                            "destinationPortRanges": [],
                            "sourceAddressPrefixes": [],
                            "destinationAddressPrefixes": []
                        }
                    }
                ]
            }
        },
        {
            "type": "Microsoft.Network/networkSecurityGroups",
            "apiVersion": "2023-04-01",
            "name": "[parameters('networkSecurityGroups_testvm2_nsg_name')]",
            "location": "eastus",
            "tags": {
                "CreationDate_v1": "2023-08-27T14:55:41.5685199Z"
            },
            "properties": {
                "securityRules": [
                    {
                        "name": "default-allow-rdp",
                        "id": "[resourceId('Microsoft.Network/networkSecurityGroups/securityRules', parameters('networkSecurityGroups_testvm2_nsg_name'), 'default-allow-rdp')]",
                        "type": "Microsoft.Network/networkSecurityGroups/securityRules",
                        "properties": {
                            "protocol": "Tcp",
                            "sourcePortRange": "*",
                            "destinationPortRange": "3389",
                            "sourceAddressPrefix": "*",
                            "destinationAddressPrefix": "*",
                            "access": "Allow",
                            "priority": 1000,
                            "direction": "Inbound",
                            "sourcePortRanges": [],
                            "destinationPortRanges": [],
                            "sourceAddressPrefixes": [],
                            "destinationAddressPrefixes": []
                        }
                    }
                ]
            }
        },
        {
            "type": "Microsoft.Network/privateDnsZones",
            "apiVersion": "2018-09-01",
            "name": "[parameters('privateDnsZones_jp_com_name')]",
            "location": "global",
            "tags": {
                "CreationDate_v1": "2023-08-27T14:22:49.1633225Z"
            },
            "properties": {
                "maxNumberOfRecordSets": 25000,
                "maxNumberOfVirtualNetworkLinks": 1000,
                "maxNumberOfVirtualNetworkLinksWithRegistration": 100,
                "numberOfRecordSets": 3,
                "numberOfVirtualNetworkLinks": 3,
                "numberOfVirtualNetworkLinksWithRegistration": 3,
                "provisioningState": "Succeeded"
            }
        },
        {
            "type": "Microsoft.Network/publicIPAddresses",
            "apiVersion": "2023-04-01",
            "name": "[parameters('publicIPAddresses_ag_pip_name')]",
            "location": "eastus",
            "tags": {
                "CreationDate_v1": "2023-08-20T12:19:39.0855993Z"
            },
            "sku": {
                "name": "Standard",
                "tier": "Regional"
            },
            "properties": {
                "ipAddress": "172.171.231.115",
                "publicIPAddressVersion": "IPv4",
                "publicIPAllocationMethod": "Static",
                "idleTimeoutInMinutes": 4,
                "ipTags": []
            }
        },
        {
            "type": "Microsoft.Network/publicIPAddresses",
            "apiVersion": "2023-04-01",
            "name": "[parameters('publicIPAddresses_CoreServicesVnetGateway_IP_name')]",
            "location": "eastus",
            "tags": {
                "CreationDate_v1": "2023-08-27T20:25:39.1123225Z"
            },
            "sku": {
                "name": "Basic",
                "tier": "Regional"
            },
            "properties": {
                "ipAddress": "20.185.41.247",
                "publicIPAddressVersion": "IPv4",
                "publicIPAllocationMethod": "Dynamic",
                "idleTimeoutInMinutes": 4,
                "ipTags": []
            }
        },
        {
            "type": "Microsoft.Network/publicIPAddresses",
            "apiVersion": "2023-04-01",
            "name": "[parameters('publicIPAddresses_ManufacturingVM_ip_name')]",
            "location": "westeurope",
            "tags": {
                "CreationDate_v1": "2023-08-27T15:15:43.4812930Z"
            },
            "sku": {
                "name": "Basic",
                "tier": "Regional"
            },
            "properties": {
                "publicIPAddressVersion": "IPv4",
                "publicIPAllocationMethod": "Dynamic",
                "idleTimeoutInMinutes": 4,
                "ipTags": []
            }
        },
        {
            "type": "Microsoft.Network/publicIPAddresses",
            "apiVersion": "2023-04-01",
            "name": "[parameters('publicIPAddresses_testvm1_pip_name')]",
            "location": "eastus",
            "tags": {
                "CreationDate_v1": "2023-08-27T14:55:41.5675048Z"
            },
            "sku": {
                "name": "Basic",
                "tier": "Regional"
            },
            "properties": {
                "publicIPAddressVersion": "IPv4",
                "publicIPAllocationMethod": "Dynamic",
                "idleTimeoutInMinutes": 4,
                "ipTags": []
            }
        },
        {
            "type": "Microsoft.Network/publicIPAddresses",
            "apiVersion": "2023-04-01",
            "name": "[parameters('publicIPAddresses_testvm2_pip_name')]",
            "location": "eastus",
            "tags": {
                "CreationDate_v1": "2023-08-27T14:55:41.5673095Z"
            },
            "sku": {
                "name": "Basic",
                "tier": "Regional"
            },
            "properties": {
                "publicIPAddressVersion": "IPv4",
                "publicIPAllocationMethod": "Dynamic",
                "idleTimeoutInMinutes": 4,
                "ipTags": []
            }
        },
        {
            "type": "Microsoft.Network/virtualNetworks",
            "apiVersion": "2023-04-01",
            "name": "[parameters('virtualNetworks_ResearchVnet_name')]",
            "location": "southeastasia",
            "tags": {
                "CreationDate_v1": "2023-08-10T14:10:04.8229400Z"
            },
            "properties": {
                "addressSpace": {
                    "addressPrefixes": [
                        "10.40.0.0/16"
                    ]
                },
                "subnets": [
                    {
                        "name": "ResearchSystemSubnet",
                        "id": "[resourceId('Microsoft.Network/virtualNetworks/subnets', parameters('virtualNetworks_ResearchVnet_name'), 'ResearchSystemSubnet')]",
                        "properties": {
                            "addressPrefix": "10.40.40.0/24",
                            "delegations": [],
                            "privateEndpointNetworkPolicies": "Enabled",
                            "privateLinkServiceNetworkPolicies": "Enabled"
                        },
                        "type": "Microsoft.Network/virtualNetworks/subnets"
                    }
                ],
                "virtualNetworkPeerings": [],
                "enableDdosProtection": false
            }
        },
        {
            "type": "Microsoft.RecoveryServices/vaults",
            "apiVersion": "2023-04-01",
            "name": "[parameters('vaults_vault_llmywzyy_name')]",
            "location": "eastus",
            "tags": {
                "CreationDate_v1": "2023-08-23T00:00:08.9920633Z"
            },
            "sku": {
                "name": "RS0",
                "tier": "Standard"
            },
            "properties": {
                "redundancySettings": {},
                "securitySettings": {
                    "softDeleteSettings": {
                        "softDeleteRetentionPeriodInDays": 14,
                        "softDeleteState": "Enabled"
                    },
                    "multiUserAuthorization": "Disabled"
                },
                "publicNetworkAccess": "Enabled",
                "restoreSettings": {
                    "crossSubscriptionRestoreSettings": {
                        "crossSubscriptionRestoreState": "Enabled"
                    }
                }
            }
        },
        {
            "type": "Microsoft.Storage/storageAccounts",
            "apiVersion": "2023-01-01",
            "name": "[parameters('storageAccounts_jpstorage755238_name')]",
            "location": "eastus",
            "tags": {
                "CreationDate_v1": "2023-08-22T23:57:36.3757146Z"
            },
            "sku": {
                "name": "Standard_LRS",
                "tier": "Standard"
            },
            "kind": "StorageV2",
            "properties": {
                "dnsEndpointType": "Standard",
                "defaultToOAuthAuthentication": false,
                "publicNetworkAccess": "Enabled",
                "allowCrossTenantReplication": true,
                "minimumTlsVersion": "TLS1_2",
                "allowBlobPublicAccess": true,
                "allowSharedKeyAccess": true,
                "networkAcls": {
                    "resourceAccessRules": [],
                    "bypass": "AzureServices",
                    "virtualNetworkRules": [],
                    "ipRules": [],
                    "defaultAction": "Deny"
                },
                "supportsHttpsTrafficOnly": true,
                "encryption": {
                    "requireInfrastructureEncryption": false,
                    "services": {
                        "file": {
                            "keyType": "Account",
                            "enabled": true
                        },
                        "blob": {
                            "keyType": "Account",
                            "enabled": true
                        }
                    },
                    "keySource": "Microsoft.Storage"
                },
                "accessTier": "Hot"
            }
        },
        {
            "type": "Microsoft.Compute/virtualMachines",
            "apiVersion": "2023-03-01",
            "name": "[parameters('virtualMachines_ManufacturingVM_name')]",
            "location": "westeurope",
            "dependsOn": [
                "[resourceId('Microsoft.Network/networkInterfaces', parameters('networkInterfaces_ManufacturingVM_nic_name'))]"
            ],
            "tags": {
                "CreationDate_v1": "2023-08-27T15:15:52.5000607Z"
            },
            "properties": {
                "hardwareProfile": {
                    "vmSize": "Standard_D2as_v5"
                },
                "storageProfile": {
                    "imageReference": {
                        "publisher": "MicrosoftWindowsServer",
                        "offer": "WindowsServer",
                        "sku": "2019-Datacenter",
                        "version": "latest"
                    },
                    "osDisk": {
                        "osType": "Windows",
                        "name": "[concat(parameters('virtualMachines_ManufacturingVM_name'), '_disk1_2c96191e87244f61b9c0da756befcffa')]",
                        "createOption": "FromImage",
                        "caching": "ReadWrite",
                        "managedDisk": {
                            "id": "[resourceId('Microsoft.Compute/disks', concat(parameters('virtualMachines_ManufacturingVM_name'), '_disk1_2c96191e87244f61b9c0da756befcffa'))]"
                        },
                        "deleteOption": "Detach"
                    },
                    "dataDisks": []
                },
                "osProfile": {
                    "computerName": "[parameters('virtualMachines_ManufacturingVM_name')]",
                    "adminUsername": "TestUser",
                    "windowsConfiguration": {
                        "provisionVMAgent": true,
                        "enableAutomaticUpdates": true,
                        "patchSettings": {
                            "patchMode": "AutomaticByOS",
                            "assessmentMode": "ImageDefault"
                        },
                        "enableVMAgentPlatformUpdates": false
                    },
                    "secrets": [],
                    "allowExtensionOperations": true
                },
                "networkProfile": {
                    "networkInterfaces": [
                        {
                            "id": "[resourceId('Microsoft.Network/networkInterfaces', parameters('networkInterfaces_ManufacturingVM_nic_name'))]",
                            "properties": {
                                "primary": true
                            }
                        }
                    ]
                }
            }
        },
        {
            "type": "Microsoft.Compute/virtualMachines",
            "apiVersion": "2023-03-01",
            "name": "[parameters('virtualMachines_testvm1_name')]",
            "location": "eastus",
            "dependsOn": [
                "[resourceId('Microsoft.Network/networkInterfaces', parameters('networkInterfaces_testvm1_nic_name'))]"
            ],
            "tags": {
                "CreationDate_v1": "2023-08-27T14:55:48.9466594Z"
            },
            "properties": {
                "hardwareProfile": {
                    "vmSize": "Standard_DS1_v2"
                },
                "storageProfile": {
                    "imageReference": {
                        "publisher": "MicrosoftWindowsServer",
                        "offer": "WindowsServer",
                        "sku": "2019-Datacenter",
                        "version": "latest"
                    },
                    "osDisk": {
                        "osType": "Windows",
                        "name": "[concat(parameters('virtualMachines_testvm1_name'), '_OsDisk_1_fdf89cafea544b9c88f8000bc88a9636')]",
                        "createOption": "FromImage",
                        "caching": "ReadWrite",
                        "managedDisk": {
                            "id": "[resourceId('Microsoft.Compute/disks', concat(parameters('virtualMachines_testvm1_name'), '_OsDisk_1_fdf89cafea544b9c88f8000bc88a9636'))]"
                        },
                        "deleteOption": "Detach"
                    },
                    "dataDisks": []
                },
                "osProfile": {
                    "computerName": "[parameters('virtualMachines_testvm1_name')]",
                    "adminUsername": "TestUser",
                    "windowsConfiguration": {
                        "provisionVMAgent": true,
                        "enableAutomaticUpdates": true,
                        "patchSettings": {
                            "patchMode": "AutomaticByOS",
                            "assessmentMode": "ImageDefault"
                        },
                        "enableVMAgentPlatformUpdates": false
                    },
                    "secrets": [],
                    "allowExtensionOperations": true
                },
                "networkProfile": {
                    "networkInterfaces": [
                        {
                            "id": "[resourceId('Microsoft.Network/networkInterfaces', parameters('networkInterfaces_testvm1_nic_name'))]",
                            "properties": {
                                "primary": true
                            }
                        }
                    ]
                }
            }
        },
        {
            "type": "Microsoft.Compute/virtualMachines",
            "apiVersion": "2023-03-01",
            "name": "[parameters('virtualMachines_testvm2_name')]",
            "location": "eastus",
            "dependsOn": [
                "[resourceId('Microsoft.Network/networkInterfaces', parameters('networkInterfaces_testvm2_nic_name'))]"
            ],
            "tags": {
                "CreationDate_v1": "2023-08-27T14:55:47.8976275Z"
            },
            "properties": {
                "hardwareProfile": {
                    "vmSize": "Standard_DS1_v2"
                },
                "storageProfile": {
                    "imageReference": {
                        "publisher": "MicrosoftWindowsServer",
                        "offer": "WindowsServer",
                        "sku": "2019-Datacenter",
                        "version": "latest"
                    },
                    "osDisk": {
                        "osType": "Windows",
                        "name": "[concat(parameters('virtualMachines_testvm2_name'), '_disk1_f9d5e265fd344363bcee0c44a988d7e9')]",
                        "createOption": "FromImage",
                        "caching": "ReadWrite",
                        "managedDisk": {
                            "id": "[resourceId('Microsoft.Compute/disks', concat(parameters('virtualMachines_testvm2_name'), '_disk1_f9d5e265fd344363bcee0c44a988d7e9'))]"
                        },
                        "deleteOption": "Detach"
                    },
                    "dataDisks": []
                },
                "osProfile": {
                    "computerName": "[parameters('virtualMachines_testvm2_name')]",
                    "adminUsername": "TestUser",
                    "windowsConfiguration": {
                        "provisionVMAgent": true,
                        "enableAutomaticUpdates": true,
                        "patchSettings": {
                            "patchMode": "AutomaticByOS",
                            "assessmentMode": "ImageDefault"
                        },
                        "enableVMAgentPlatformUpdates": false
                    },
                    "secrets": [],
                    "allowExtensionOperations": true
                },
                "networkProfile": {
                    "networkInterfaces": [
                        {
                            "id": "[resourceId('Microsoft.Network/networkInterfaces', parameters('networkInterfaces_testvm2_nic_name'))]",
                            "properties": {
                                "primary": true
                            }
                        }
                    ]
                }
            }
        },
        {
            "type": "Microsoft.Network/networkSecurityGroups/securityRules",
            "apiVersion": "2023-04-01",
            "name": "[concat(parameters('networkSecurityGroups_jpPrivateNSG_name'), '/Allow-RDP-All')]",
            "dependsOn": [
                "[resourceId('Microsoft.Network/networkSecurityGroups', parameters('networkSecurityGroups_jpPrivateNSG_name'))]"
            ],
            "properties": {
                "protocol": "*",
                "sourcePortRange": "*",
                "destinationPortRange": "3389",
                "sourceAddressPrefix": "*",
                "destinationAddressPrefix": "VirtualNetwork",
                "access": "Allow",
                "priority": 120,
                "direction": "Inbound",
                "sourcePortRanges": [],
                "destinationPortRanges": [],
                "sourceAddressPrefixes": [],
                "destinationAddressPrefixes": []
            }
        },
        {
            "type": "Microsoft.Network/networkSecurityGroups/securityRules",
            "apiVersion": "2023-04-01",
            "name": "[concat(parameters('networkSecurityGroups_jpPrivateNSG_name'), '/Allow-Storage-All')]",
            "dependsOn": [
                "[resourceId('Microsoft.Network/networkSecurityGroups', parameters('networkSecurityGroups_jpPrivateNSG_name'))]"
            ],
            "properties": {
                "protocol": "*",
                "sourcePortRange": "*",
                "destinationPortRange": "*",
                "sourceAddressPrefix": "VirtualNetwork",
                "destinationAddressPrefix": "Storage",
                "access": "Allow",
                "priority": 100,
                "direction": "Outbound",
                "sourcePortRanges": [],
                "destinationPortRanges": [],
                "sourceAddressPrefixes": [],
                "destinationAddressPrefixes": []
            }
        },
        {
            "type": "Microsoft.Network/networkSecurityGroups/securityRules",
            "apiVersion": "2023-04-01",
            "name": "[concat(parameters('networkSecurityGroups_ManufacturingVM_nsg_name'), '/default-allow-rdp')]",
            "dependsOn": [
                "[resourceId('Microsoft.Network/networkSecurityGroups', parameters('networkSecurityGroups_ManufacturingVM_nsg_name'))]"
            ],
            "properties": {
                "protocol": "Tcp",
                "sourcePortRange": "*",
                "destinationPortRange": "3389",
                "sourceAddressPrefix": "*",
                "destinationAddressPrefix": "*",
                "access": "Allow",
                "priority": 1000,
                "direction": "Inbound",
                "sourcePortRanges": [],
                "destinationPortRanges": [],
                "sourceAddressPrefixes": [],
                "destinationAddressPrefixes": []
            }
        },
        {
            "type": "Microsoft.Network/networkSecurityGroups/securityRules",
            "apiVersion": "2023-04-01",
            "name": "[concat(parameters('networkSecurityGroups_testvm1_nsg_name'), '/default-allow-rdp')]",
            "dependsOn": [
                "[resourceId('Microsoft.Network/networkSecurityGroups', parameters('networkSecurityGroups_testvm1_nsg_name'))]"
            ],
            "properties": {
                "protocol": "Tcp",
                "sourcePortRange": "*",
                "destinationPortRange": "3389",
                "sourceAddressPrefix": "*",
                "destinationAddressPrefix": "*",
                "access": "Allow",
                "priority": 1000,
                "direction": "Inbound",
                "sourcePortRanges": [],
                "destinationPortRanges": [],
                "sourceAddressPrefixes": [],
                "destinationAddressPrefixes": []
            }
        },
        {
            "type": "Microsoft.Network/networkSecurityGroups/securityRules",
            "apiVersion": "2023-04-01",
            "name": "[concat(parameters('networkSecurityGroups_testvm2_nsg_name'), '/default-allow-rdp')]",
            "dependsOn": [
                "[resourceId('Microsoft.Network/networkSecurityGroups', parameters('networkSecurityGroups_testvm2_nsg_name'))]"
            ],
            "properties": {
                "protocol": "Tcp",
                "sourcePortRange": "*",
                "destinationPortRange": "3389",
                "sourceAddressPrefix": "*",
                "destinationAddressPrefix": "*",
                "access": "Allow",
                "priority": 1000,
                "direction": "Inbound",
                "sourcePortRanges": [],
                "destinationPortRanges": [],
                "sourceAddressPrefixes": [],
                "destinationAddressPrefixes": []
            }
        },
        {
            "type": "Microsoft.Network/networkSecurityGroups/securityRules",
            "apiVersion": "2023-04-01",
            "name": "[concat(parameters('networkSecurityGroups_jpPrivateNSG_name'), '/Deny-Internal-All')]",
            "dependsOn": [
                "[resourceId('Microsoft.Network/networkSecurityGroups', parameters('networkSecurityGroups_jpPrivateNSG_name'))]"
            ],
            "properties": {
                "protocol": "*",
                "sourcePortRange": "*",
                "destinationPortRange": "*",
                "sourceAddressPrefix": "VirtualNetwork",
                "destinationAddressPrefix": "Internet",
                "access": "Deny",
                "priority": 110,
                "direction": "Outbound",
                "sourcePortRanges": [],
                "destinationPortRanges": [],
                "sourceAddressPrefixes": [],
                "destinationAddressPrefixes": []
            }
        },
        {
            "type": "Microsoft.Network/privateDnsZones/A",
            "apiVersion": "2018-09-01",
            "name": "[concat(parameters('privateDnsZones_jp_com_name'), '/ergw000000')]",
            "dependsOn": [
                "[resourceId('Microsoft.Network/privateDnsZones', parameters('privateDnsZones_jp_com_name'))]"
            ],
            "properties": {
                "ttl": 10,
                "aRecords": [
                    {
                        "ipv4Address": "10.20.0.13"
                    }
                ]
            }
        },
        {
            "type": "Microsoft.Network/privateDnsZones/A",
            "apiVersion": "2018-09-01",
            "name": "[concat(parameters('privateDnsZones_jp_com_name'), '/ergw000001')]",
            "dependsOn": [
                "[resourceId('Microsoft.Network/privateDnsZones', parameters('privateDnsZones_jp_com_name'))]"
            ],
            "properties": {
                "ttl": 10,
                "aRecords": [
                    {
                        "ipv4Address": "10.20.0.12"
                    }
                ]
            }
        },
        {
            "type": "Microsoft.Network/privateDnsZones/SOA",
            "apiVersion": "2018-09-01",
            "name": "[concat(parameters('privateDnsZones_jp_com_name'), '/@')]",
            "dependsOn": [
                "[resourceId('Microsoft.Network/privateDnsZones', parameters('privateDnsZones_jp_com_name'))]"
            ],
            "properties": {
                "ttl": 3600,
                "soaRecord": {
                    "email": "azureprivatedns-host.microsoft.com",
                    "expireTime": 2419200,
                    "host": "azureprivatedns.net",
                    "minimumTtl": 10,
                    "refreshTime": 3600,
                    "retryTime": 300,
                    "serialNumber": 1
                }
            }
        },
        {
            "type": "Microsoft.Network/virtualNetworks",
            "apiVersion": "2023-04-01",
            "name": "[parameters('virtualNetworks_CoreServicesVnet_name')]",
            "location": "eastus",
            "dependsOn": [
                "[resourceId('Microsoft.Network/virtualNetworks', parameters('virtualNetworks_ManufacturingVnet_name'))]"
            ],
            "tags": {
                "CreationDate_v1": "2023-08-10T14:10:04.8321346Z"
            },
            "properties": {
                "addressSpace": {
                    "addressPrefixes": [
                        "10.20.0.0/16"
                    ]
                },
                "dhcpOptions": {
                    "dnsServers": []
                },
                "subnets": [
                    {
                        "name": "GatewaySubnet",
                        "id": "[resourceId('Microsoft.Network/virtualNetworks/subnets', parameters('virtualNetworks_CoreServicesVnet_name'), 'GatewaySubnet')]",
                        "properties": {
                            "addressPrefix": "10.20.0.0/27",
                            "delegations": [],
                            "privateEndpointNetworkPolicies": "Enabled",
                            "privateLinkServiceNetworkPolicies": "Enabled"
                        },
                        "type": "Microsoft.Network/virtualNetworks/subnets"
                    },
                    {
                        "name": "SharedServicesSubnet",
                        "id": "[resourceId('Microsoft.Network/virtualNetworks/subnets', parameters('virtualNetworks_CoreServicesVnet_name'), 'SharedServicesSubnet')]",
                        "properties": {
                            "addressPrefix": "10.20.10.0/24",
                            "delegations": [],
                            "privateEndpointNetworkPolicies": "Enabled",
                            "privateLinkServiceNetworkPolicies": "Enabled"
                        },
                        "type": "Microsoft.Network/virtualNetworks/subnets"
                    },
                    {
                        "name": "DatabaseSubnet",
                        "id": "[resourceId('Microsoft.Network/virtualNetworks/subnets', parameters('virtualNetworks_CoreServicesVnet_name'), 'DatabaseSubnet')]",
                        "properties": {
                            "addressPrefix": "10.20.20.0/24",
                            "delegations": [],
                            "privateEndpointNetworkPolicies": "Enabled",
                            "privateLinkServiceNetworkPolicies": "Enabled"
                        },
                        "type": "Microsoft.Network/virtualNetworks/subnets"
                    },
                    {
                        "name": "PublicWebServiceSubnet",
                        "id": "[resourceId('Microsoft.Network/virtualNetworks/subnets', parameters('virtualNetworks_CoreServicesVnet_name'), 'PublicWebServiceSubnet')]",
                        "properties": {
                            "addressPrefix": "10.20.30.0/24",
                            "delegations": [],
                            "privateEndpointNetworkPolicies": "Enabled",
                            "privateLinkServiceNetworkPolicies": "Enabled"
                        },
                        "type": "Microsoft.Network/virtualNetworks/subnets"
                    }
                ],
                "virtualNetworkPeerings": [
                    {
                        "name": "[concat(parameters('virtualNetworks_CoreServicesVnet_name'), '-to-ManufacturingVnet')]",
                        "id": "[resourceId('Microsoft.Network/virtualNetworks/virtualNetworkPeerings', parameters('virtualNetworks_CoreServicesVnet_name'), concat(parameters('virtualNetworks_CoreServicesVnet_name'), '-to-ManufacturingVnet'))]",
                        "properties": {
                            "peeringState": "Connected",
                            "peeringSyncLevel": "FullyInSync",
                            "remoteVirtualNetwork": {
                                "id": "[resourceId('Microsoft.Network/virtualNetworks', parameters('virtualNetworks_ManufacturingVnet_name'))]"
                            },
                            "allowVirtualNetworkAccess": true,
                            "allowForwardedTraffic": false,
                            "allowGatewayTransit": true,
                            "useRemoteGateways": false,
                            "doNotVerifyRemoteGateways": false,
                            "remoteAddressSpace": {
                                "addressPrefixes": [
                                    "10.30.0.0/16"
                                ]
                            },
                            "remoteVirtualNetworkAddressSpace": {
                                "addressPrefixes": [
                                    "10.30.0.0/16"
                                ]
                            }
                        },
                        "type": "Microsoft.Network/virtualNetworks/virtualNetworkPeerings"
                    }
                ],
                "enableDdosProtection": false
            }
        },
        {
            "type": "Microsoft.Network/virtualNetworks",
            "apiVersion": "2023-04-01",
            "name": "[parameters('virtualNetworks_ManufacturingVnet_name')]",
            "location": "westeurope",
            "dependsOn": [
                "[resourceId('Microsoft.Network/virtualNetworks', parameters('virtualNetworks_CoreServicesVnet_name'))]"
            ],
            "tags": {
                "CreationDate_v1": "2023-08-10T14:10:04.8229722Z"
            },
            "properties": {
                "addressSpace": {
                    "addressPrefixes": [
                        "10.30.0.0/16"
                    ]
                },
                "subnets": [
                    {
                        "name": "ManufacturingSystemSubnet",
                        "id": "[resourceId('Microsoft.Network/virtualNetworks/subnets', parameters('virtualNetworks_ManufacturingVnet_name'), 'ManufacturingSystemSubnet')]",
                        "properties": {
                            "addressPrefix": "10.30.10.0/24",
                            "delegations": [],
                            "privateEndpointNetworkPolicies": "Enabled",
                            "privateLinkServiceNetworkPolicies": "Enabled"
                        },
                        "type": "Microsoft.Network/virtualNetworks/subnets"
                    },
                    {
                        "name": "SensorSubnet1",
                        "id": "[resourceId('Microsoft.Network/virtualNetworks/subnets', parameters('virtualNetworks_ManufacturingVnet_name'), 'SensorSubnet1')]",
                        "properties": {
                            "addressPrefix": "10.30.20.0/24",
                            "delegations": [],
                            "privateEndpointNetworkPolicies": "Enabled",
                            "privateLinkServiceNetworkPolicies": "Enabled"
                        },
                        "type": "Microsoft.Network/virtualNetworks/subnets"
                    },
                    {
                        "name": "SensorSubnet2",
                        "id": "[resourceId('Microsoft.Network/virtualNetworks/subnets', parameters('virtualNetworks_ManufacturingVnet_name'), 'SensorSubnet2')]",
                        "properties": {
                            "addressPrefix": "10.30.21.0/24",
                            "delegations": [],
                            "privateEndpointNetworkPolicies": "Enabled",
                            "privateLinkServiceNetworkPolicies": "Enabled"
                        },
                        "type": "Microsoft.Network/virtualNetworks/subnets"
                    },
                    {
                        "name": "SensorSubnet3",
                        "id": "[resourceId('Microsoft.Network/virtualNetworks/subnets', parameters('virtualNetworks_ManufacturingVnet_name'), 'SensorSubnet3')]",
                        "properties": {
                            "addressPrefix": "10.30.22.0/24",
                            "delegations": [],
                            "privateEndpointNetworkPolicies": "Enabled",
                            "privateLinkServiceNetworkPolicies": "Enabled"
                        },
                        "type": "Microsoft.Network/virtualNetworks/subnets"
                    }
                ],
                "virtualNetworkPeerings": [
                    {
                        "name": "[concat(parameters('virtualNetworks_ManufacturingVnet_name'), '-to-CoreServicesVnet')]",
                        "id": "[resourceId('Microsoft.Network/virtualNetworks/virtualNetworkPeerings', parameters('virtualNetworks_ManufacturingVnet_name'), concat(parameters('virtualNetworks_ManufacturingVnet_name'), '-to-CoreServicesVnet'))]",
                        "properties": {
                            "peeringState": "Connected",
                            "peeringSyncLevel": "FullyInSync",
                            "remoteVirtualNetwork": {
                                "id": "[resourceId('Microsoft.Network/virtualNetworks', parameters('virtualNetworks_CoreServicesVnet_name'))]"
                            },
                            "allowVirtualNetworkAccess": true,
                            "allowForwardedTraffic": false,
                            "allowGatewayTransit": true,
                            "useRemoteGateways": false,
                            "doNotVerifyRemoteGateways": false,
                            "remoteAddressSpace": {
                                "addressPrefixes": [
                                    "10.20.0.0/16"
                                ]
                            },
                            "remoteVirtualNetworkAddressSpace": {
                                "addressPrefixes": [
                                    "10.20.0.0/16"
                                ]
                            }
                        },
                        "type": "Microsoft.Network/virtualNetworks/virtualNetworkPeerings"
                    }
                ],
                "enableDdosProtection": false
            }
        },
        {
            "type": "Microsoft.Network/virtualNetworks/subnets",
            "apiVersion": "2023-04-01",
            "name": "[concat(parameters('virtualNetworks_CoreServicesVnet_name'), '/DatabaseSubnet')]",
            "dependsOn": [
                "[resourceId('Microsoft.Network/virtualNetworks', parameters('virtualNetworks_CoreServicesVnet_name'))]"
            ],
            "properties": {
                "addressPrefix": "10.20.20.0/24",
                "delegations": [],
                "privateEndpointNetworkPolicies": "Enabled",
                "privateLinkServiceNetworkPolicies": "Enabled"
            }
        },
        {
            "type": "Microsoft.Network/virtualNetworks/subnets",
            "apiVersion": "2023-04-01",
            "name": "[concat(parameters('virtualNetworks_CoreServicesVnet_name'), '/GatewaySubnet')]",
            "dependsOn": [
                "[resourceId('Microsoft.Network/virtualNetworks', parameters('virtualNetworks_CoreServicesVnet_name'))]"
            ],
            "properties": {
                "addressPrefix": "10.20.0.0/27",
                "delegations": [],
                "privateEndpointNetworkPolicies": "Enabled",
                "privateLinkServiceNetworkPolicies": "Enabled"
            }
        },
        {
            "type": "Microsoft.Network/virtualNetworks/subnets",
            "apiVersion": "2023-04-01",
            "name": "[concat(parameters('virtualNetworks_ManufacturingVnet_name'), '/ManufacturingSystemSubnet')]",
            "dependsOn": [
                "[resourceId('Microsoft.Network/virtualNetworks', parameters('virtualNetworks_ManufacturingVnet_name'))]"
            ],
            "properties": {
                "addressPrefix": "10.30.10.0/24",
                "delegations": [],
                "privateEndpointNetworkPolicies": "Enabled",
                "privateLinkServiceNetworkPolicies": "Enabled"
            }
        },
        {
            "type": "Microsoft.Network/virtualNetworks/subnets",
            "apiVersion": "2023-04-01",
            "name": "[concat(parameters('virtualNetworks_CoreServicesVnet_name'), '/PublicWebServiceSubnet')]",
            "dependsOn": [
                "[resourceId('Microsoft.Network/virtualNetworks', parameters('virtualNetworks_CoreServicesVnet_name'))]"
            ],
            "properties": {
                "addressPrefix": "10.20.30.0/24",
                "delegations": [],
                "privateEndpointNetworkPolicies": "Enabled",
                "privateLinkServiceNetworkPolicies": "Enabled"
            }
        },
        {
            "type": "Microsoft.Network/virtualNetworks/subnets",
            "apiVersion": "2023-04-01",
            "name": "[concat(parameters('virtualNetworks_ResearchVnet_name'), '/ResearchSystemSubnet')]",
            "dependsOn": [
                "[resourceId('Microsoft.Network/virtualNetworks', parameters('virtualNetworks_ResearchVnet_name'))]"
            ],
            "properties": {
                "addressPrefix": "10.40.40.0/24",
                "delegations": [],
                "privateEndpointNetworkPolicies": "Enabled",
                "privateLinkServiceNetworkPolicies": "Enabled"
            }
        },
        {
            "type": "Microsoft.Network/virtualNetworks/subnets",
            "apiVersion": "2023-04-01",
            "name": "[concat(parameters('virtualNetworks_ManufacturingVnet_name'), '/SensorSubnet1')]",
            "dependsOn": [
                "[resourceId('Microsoft.Network/virtualNetworks', parameters('virtualNetworks_ManufacturingVnet_name'))]"
            ],
            "properties": {
                "addressPrefix": "10.30.20.0/24",
                "delegations": [],
                "privateEndpointNetworkPolicies": "Enabled",
                "privateLinkServiceNetworkPolicies": "Enabled"
            }
        },
        {
            "type": "Microsoft.Network/virtualNetworks/subnets",
            "apiVersion": "2023-04-01",
            "name": "[concat(parameters('virtualNetworks_ManufacturingVnet_name'), '/SensorSubnet2')]",
            "dependsOn": [
                "[resourceId('Microsoft.Network/virtualNetworks', parameters('virtualNetworks_ManufacturingVnet_name'))]"
            ],
            "properties": {
                "addressPrefix": "10.30.21.0/24",
                "delegations": [],
                "privateEndpointNetworkPolicies": "Enabled",
                "privateLinkServiceNetworkPolicies": "Enabled"
            }
        },
        {
            "type": "Microsoft.Network/virtualNetworks/subnets",
            "apiVersion": "2023-04-01",
            "name": "[concat(parameters('virtualNetworks_ManufacturingVnet_name'), '/SensorSubnet3')]",
            "dependsOn": [
                "[resourceId('Microsoft.Network/virtualNetworks', parameters('virtualNetworks_ManufacturingVnet_name'))]"
            ],
            "properties": {
                "addressPrefix": "10.30.22.0/24",
                "delegations": [],
                "privateEndpointNetworkPolicies": "Enabled",
                "privateLinkServiceNetworkPolicies": "Enabled"
            }
        },
        {
            "type": "Microsoft.Network/virtualNetworks/subnets",
            "apiVersion": "2023-04-01",
            "name": "[concat(parameters('virtualNetworks_CoreServicesVnet_name'), '/SharedServicesSubnet')]",
            "dependsOn": [
                "[resourceId('Microsoft.Network/virtualNetworks', parameters('virtualNetworks_CoreServicesVnet_name'))]"
            ],
            "properties": {
                "addressPrefix": "10.20.10.0/24",
                "delegations": [],
                "privateEndpointNetworkPolicies": "Enabled",
                "privateLinkServiceNetworkPolicies": "Enabled"
            }
        },
        {
            "type": "Microsoft.RecoveryServices/vaults/backupPolicies",
            "apiVersion": "2023-04-01",
            "name": "[concat(parameters('vaults_vault_llmywzyy_name'), '/DailyPolicy-llmyx061')]",
            "dependsOn": [
                "[resourceId('Microsoft.RecoveryServices/vaults', parameters('vaults_vault_llmywzyy_name'))]"
            ],
            "properties": {
                "backupManagementType": "AzureStorage",
                "workLoadType": "AzureFileShare",
                "schedulePolicy": {
                    "schedulePolicyType": "SimpleSchedulePolicy",
                    "scheduleRunFrequency": "Daily",
                    "scheduleRunTimes": [
                        "2023-08-22T19:30:00Z"
                    ],
                    "scheduleWeeklyFrequency": 0
                },
                "retentionPolicy": {
                    "retentionPolicyType": "LongTermRetentionPolicy",
                    "dailySchedule": {
                        "retentionTimes": [
                            "2023-08-22T19:30:00Z"
                        ],
                        "retentionDuration": {
                            "count": 30,
                            "durationType": "Days"
                        }
                    }
                },
                "timeZone": "UTC",
                "protectedItemsCount": 0
            }
        },
        {
            "type": "Microsoft.RecoveryServices/vaults/backupPolicies",
            "apiVersion": "2023-04-01",
            "name": "[concat(parameters('vaults_vault_llmywzyy_name'), '/DefaultPolicy')]",
            "dependsOn": [
                "[resourceId('Microsoft.RecoveryServices/vaults', parameters('vaults_vault_llmywzyy_name'))]"
            ],
            "properties": {
                "backupManagementType": "AzureIaasVM",
                "instantRPDetails": {},
                "schedulePolicy": {
                    "schedulePolicyType": "SimpleSchedulePolicy",
                    "scheduleRunFrequency": "Daily",
                    "scheduleRunTimes": [
                        "2023-08-23T10:00:00Z"
                    ],
                    "scheduleWeeklyFrequency": 0
                },
                "retentionPolicy": {
                    "retentionPolicyType": "LongTermRetentionPolicy",
                    "dailySchedule": {
                        "retentionTimes": [
                            "2023-08-23T10:00:00Z"
                        ],
                        "retentionDuration": {
                            "count": 30,
                            "durationType": "Days"
                        }
                    }
                },
                "instantRpRetentionRangeInDays": 2,
                "timeZone": "UTC",
                "protectedItemsCount": 0
            }
        },
        {
            "type": "Microsoft.RecoveryServices/vaults/backupPolicies",
            "apiVersion": "2023-04-01",
            "name": "[concat(parameters('vaults_vault_llmywzyy_name'), '/EnhancedPolicy')]",
            "dependsOn": [
                "[resourceId('Microsoft.RecoveryServices/vaults', parameters('vaults_vault_llmywzyy_name'))]"
            ],
            "properties": {
                "backupManagementType": "AzureIaasVM",
                "policyType": "V2",
                "instantRPDetails": {},
                "schedulePolicy": {
                    "schedulePolicyType": "SimpleSchedulePolicyV2",
                    "scheduleRunFrequency": "Hourly",
                    "hourlySchedule": {
                        "interval": 4,
                        "scheduleWindowStartTime": "2023-08-23T08:00:00Z",
                        "scheduleWindowDuration": 12
                    }
                },
                "retentionPolicy": {
                    "retentionPolicyType": "LongTermRetentionPolicy",
                    "dailySchedule": {
                        "retentionTimes": [
                            "2023-08-23T08:00:00Z"
                        ],
                        "retentionDuration": {
                            "count": 30,
                            "durationType": "Days"
                        }
                    }
                },
                "instantRpRetentionRangeInDays": 2,
                "timeZone": "UTC",
                "protectedItemsCount": 0
            }
        },
        {
            "type": "Microsoft.RecoveryServices/vaults/backupPolicies",
            "apiVersion": "2023-04-01",
            "name": "[concat(parameters('vaults_vault_llmywzyy_name'), '/HourlyLogBackup')]",
            "dependsOn": [
                "[resourceId('Microsoft.RecoveryServices/vaults', parameters('vaults_vault_llmywzyy_name'))]"
            ],
            "properties": {
                "backupManagementType": "AzureWorkload",
                "workLoadType": "SQLDataBase",
                "settings": {
                    "timeZone": "UTC",
                    "issqlcompression": false,
                    "isCompression": false
                },
                "subProtectionPolicy": [
                    {
                        "policyType": "Full",
                        "schedulePolicy": {
                            "schedulePolicyType": "SimpleSchedulePolicy",
                            "scheduleRunFrequency": "Daily",
                            "scheduleRunTimes": [
                                "2023-08-23T10:00:00Z"
                            ],
                            "scheduleWeeklyFrequency": 0
                        },
                        "retentionPolicy": {
                            "retentionPolicyType": "LongTermRetentionPolicy",
                            "dailySchedule": {
                                "retentionTimes": [
                                    "2023-08-23T10:00:00Z"
                                ],
                                "retentionDuration": {
                                    "count": 30,
                                    "durationType": "Days"
                                }
                            }
                        }
                    },
                    {
                        "policyType": "Log",
                        "schedulePolicy": {
                            "schedulePolicyType": "LogSchedulePolicy",
                            "scheduleFrequencyInMins": 60
                        },
                        "retentionPolicy": {
                            "retentionPolicyType": "SimpleRetentionPolicy",
                            "retentionDuration": {
                                "count": 30,
                                "durationType": "Days"
                            }
                        }
                    }
                ],
                "protectedItemsCount": 0
            }
        },
        {
            "type": "Microsoft.RecoveryServices/vaults/replicationAlertSettings",
            "apiVersion": "2023-04-01",
            "name": "[concat(parameters('vaults_vault_llmywzyy_name'), '/defaultAlertSetting')]",
            "dependsOn": [
                "[resourceId('Microsoft.RecoveryServices/vaults', parameters('vaults_vault_llmywzyy_name'))]"
            ],
            "properties": {
                "sendToOwners": "DoNotSend",
                "customEmailAddresses": []
            }
        },
        {
            "type": "Microsoft.RecoveryServices/vaults/replicationVaultSettings",
            "apiVersion": "2023-04-01",
            "name": "[concat(parameters('vaults_vault_llmywzyy_name'), '/default')]",
            "dependsOn": [
                "[resourceId('Microsoft.RecoveryServices/vaults', parameters('vaults_vault_llmywzyy_name'))]"
            ],
            "properties": {}
        },
        {
            "type": "Microsoft.Storage/storageAccounts/blobServices",
            "apiVersion": "2023-01-01",
            "name": "[concat(parameters('storageAccounts_jpstorage755238_name'), '/default')]",
            "dependsOn": [
                "[resourceId('Microsoft.Storage/storageAccounts', parameters('storageAccounts_jpstorage755238_name'))]"
            ],
            "sku": {
                "name": "Standard_LRS",
                "tier": "Standard"
            },
            "properties": {
                "changeFeed": {
                    "enabled": false
                },
                "restorePolicy": {
                    "enabled": false
                },
                "containerDeleteRetentionPolicy": {
                    "enabled": true,
                    "days": 7
                },
                "cors": {
                    "corsRules": []
                },
                "deleteRetentionPolicy": {
                    "allowPermanentDelete": false,
                    "enabled": true,
                    "days": 7
                },
                "isVersioningEnabled": false
            }
        },
        {
            "type": "Microsoft.Storage/storageAccounts/fileServices",
            "apiVersion": "2023-01-01",
            "name": "[concat(parameters('storageAccounts_jpstorage755238_name'), '/default')]",
            "dependsOn": [
                "[resourceId('Microsoft.Storage/storageAccounts', parameters('storageAccounts_jpstorage755238_name'))]"
            ],
            "sku": {
                "name": "Standard_LRS",
                "tier": "Standard"
            },
            "properties": {
                "protocolSettings": {
                    "smb": {}
                },
                "cors": {
                    "corsRules": []
                },
                "shareDeleteRetentionPolicy": {
                    "enabled": true,
                    "days": 14
                }
            }
        },
        {
            "type": "Microsoft.Storage/storageAccounts/queueServices",
            "apiVersion": "2023-01-01",
            "name": "[concat(parameters('storageAccounts_jpstorage755238_name'), '/default')]",
            "dependsOn": [
                "[resourceId('Microsoft.Storage/storageAccounts', parameters('storageAccounts_jpstorage755238_name'))]"
            ],
            "properties": {
                "cors": {
                    "corsRules": []
                }
            }
        },
        {
            "type": "Microsoft.Storage/storageAccounts/tableServices",
            "apiVersion": "2023-01-01",
            "name": "[concat(parameters('storageAccounts_jpstorage755238_name'), '/default')]",
            "dependsOn": [
                "[resourceId('Microsoft.Storage/storageAccounts', parameters('storageAccounts_jpstorage755238_name'))]"
            ],
            "properties": {
                "cors": {
                    "corsRules": []
                }
            }
        },
        {
            "type": "Microsoft.Network/privateDnsZones/virtualNetworkLinks",
            "apiVersion": "2018-09-01",
            "name": "[concat(parameters('privateDnsZones_jp_com_name'), '/coreservicesvnetlink')]",
            "location": "global",
            "dependsOn": [
                "[resourceId('Microsoft.Network/privateDnsZones', parameters('privateDnsZones_jp_com_name'))]",
                "[resourceId('Microsoft.Network/virtualNetworks', parameters('virtualNetworks_CoreServicesVnet_name'))]"
            ],
            "tags": {
                "CreationDate_v1": "2023-08-27T14:28:52.9396885Z"
            },
            "properties": {
                "registrationEnabled": true,
                "virtualNetwork": {
                    "id": "[resourceId('Microsoft.Network/virtualNetworks', parameters('virtualNetworks_CoreServicesVnet_name'))]"
                }
            }
        },
        {
            "type": "Microsoft.Network/privateDnsZones/virtualNetworkLinks",
            "apiVersion": "2018-09-01",
            "name": "[concat(parameters('privateDnsZones_jp_com_name'), '/manufacturingvnetlink')]",
            "location": "global",
            "dependsOn": [
                "[resourceId('Microsoft.Network/privateDnsZones', parameters('privateDnsZones_jp_com_name'))]",
                "[resourceId('Microsoft.Network/virtualNetworks', parameters('virtualNetworks_ManufacturingVnet_name'))]"
            ],
            "tags": {
                "CreationDate_v1": "2023-08-27T14:27:06.9570383Z"
            },
            "properties": {
                "registrationEnabled": true,
                "virtualNetwork": {
                    "id": "[resourceId('Microsoft.Network/virtualNetworks', parameters('virtualNetworks_ManufacturingVnet_name'))]"
                }
            }
        },
        {
            "type": "Microsoft.Network/privateDnsZones/virtualNetworkLinks",
            "apiVersion": "2018-09-01",
            "name": "[concat(parameters('privateDnsZones_jp_com_name'), '/researchvnetlink')]",
            "location": "global",
            "dependsOn": [
                "[resourceId('Microsoft.Network/privateDnsZones', parameters('privateDnsZones_jp_com_name'))]",
                "[resourceId('Microsoft.Network/virtualNetworks', parameters('virtualNetworks_ResearchVnet_name'))]"
            ],
            "tags": {
                "CreationDate_v1": "2023-08-27T14:28:03.1756357Z"
            },
            "properties": {
                "registrationEnabled": true,
                "virtualNetwork": {
                    "id": "[resourceId('Microsoft.Network/virtualNetworks', parameters('virtualNetworks_ResearchVnet_name'))]"
                }
            }
        },
        {
            "type": "Microsoft.Network/virtualNetworkGateways",
            "apiVersion": "2023-04-01",
            "name": "[parameters('virtualNetworkGateways_CoreServicesVnetGateway_name')]",
            "location": "eastus",
            "dependsOn": [
                "[resourceId('Microsoft.Network/publicIPAddresses', parameters('publicIPAddresses_CoreServicesVnetGateway_IP_name'))]",
                "[resourceId('Microsoft.Network/virtualNetworks/subnets', parameters('virtualNetworks_CoreServicesVnet_name'), 'GatewaySubnet')]"
            ],
            "tags": {
                "CreationDate_v1": "2023-08-27T20:25:42.4269355Z"
            },
            "properties": {
                "enablePrivateIpAddress": false,
                "ipConfigurations": [
                    {
                        "name": "default",
                        "id": "[concat(resourceId('Microsoft.Network/virtualNetworkGateways', parameters('virtualNetworkGateways_CoreServicesVnetGateway_name')), '/ipConfigurations/default')]",
                        "properties": {
                            "privateIPAllocationMethod": "Dynamic",
                            "publicIPAddress": {
                                "id": "[resourceId('Microsoft.Network/publicIPAddresses', parameters('publicIPAddresses_CoreServicesVnetGateway_IP_name'))]"
                            },
                            "subnet": {
                                "id": "[resourceId('Microsoft.Network/virtualNetworks/subnets', parameters('virtualNetworks_CoreServicesVnet_name'), 'GatewaySubnet')]"
                            }
                        }
                    }
                ],
                "natRules": [],
                "virtualNetworkGatewayPolicyGroups": [],
                "enableBgpRouteTranslationForNat": false,
                "disableIPSecReplayProtection": false,
                "sku": {
                    "name": "Standard",
                    "tier": "Standard"
                },
                "gatewayType": "ExpressRoute",
                "vpnType": "PolicyBased",
                "enableBgp": false,
                "activeActive": false,
                "vpnGatewayGeneration": "None",
                "allowRemoteVnetTraffic": false,
                "allowVirtualWanTraffic": false
            }
        },
        {
            "type": "Microsoft.Network/virtualNetworks/virtualNetworkPeerings",
            "apiVersion": "2023-04-01",
            "name": "[concat(parameters('virtualNetworks_CoreServicesVnet_name'), '/', parameters('virtualNetworks_CoreServicesVnet_name'), '-to-ManufacturingVnet')]",
            "dependsOn": [
                "[resourceId('Microsoft.Network/virtualNetworks', parameters('virtualNetworks_CoreServicesVnet_name'))]",
                "[resourceId('Microsoft.Network/virtualNetworks', parameters('virtualNetworks_ManufacturingVnet_name'))]"
            ],
            "properties": {
                "peeringState": "Connected",
                "peeringSyncLevel": "FullyInSync",
                "remoteVirtualNetwork": {
                    "id": "[resourceId('Microsoft.Network/virtualNetworks', parameters('virtualNetworks_ManufacturingVnet_name'))]"
                },
                "allowVirtualNetworkAccess": true,
                "allowForwardedTraffic": false,
                "allowGatewayTransit": true,
                "useRemoteGateways": false,
                "doNotVerifyRemoteGateways": false,
                "remoteAddressSpace": {
                    "addressPrefixes": [
                        "10.30.0.0/16"
                    ]
                },
                "remoteVirtualNetworkAddressSpace": {
                    "addressPrefixes": [
                        "10.30.0.0/16"
                    ]
                }
            }
        },
        {
            "type": "Microsoft.Network/virtualNetworks/virtualNetworkPeerings",
            "apiVersion": "2023-04-01",
            "name": "[concat(parameters('virtualNetworks_ManufacturingVnet_name'), '/', parameters('virtualNetworks_ManufacturingVnet_name'), '-to-CoreServicesVnet')]",
            "dependsOn": [
                "[resourceId('Microsoft.Network/virtualNetworks', parameters('virtualNetworks_ManufacturingVnet_name'))]",
                "[resourceId('Microsoft.Network/virtualNetworks', parameters('virtualNetworks_CoreServicesVnet_name'))]"
            ],
            "properties": {
                "peeringState": "Connected",
                "peeringSyncLevel": "FullyInSync",
                "remoteVirtualNetwork": {
                    "id": "[resourceId('Microsoft.Network/virtualNetworks', parameters('virtualNetworks_CoreServicesVnet_name'))]"
                },
                "allowVirtualNetworkAccess": true,
                "allowForwardedTraffic": false,
                "allowGatewayTransit": true,
                "useRemoteGateways": false,
                "doNotVerifyRemoteGateways": false,
                "remoteAddressSpace": {
                    "addressPrefixes": [
                        "10.20.0.0/16"
                    ]
                },
                "remoteVirtualNetworkAddressSpace": {
                    "addressPrefixes": [
                        "10.20.0.0/16"
                    ]
                }
            }
        },
        {
            "type": "Microsoft.Storage/storageAccounts/fileServices/shares",
            "apiVersion": "2023-01-01",
            "name": "[concat(parameters('storageAccounts_jpstorage755238_name'), '/default/marketing')]",
            "dependsOn": [
                "[resourceId('Microsoft.Storage/storageAccounts/fileServices', parameters('storageAccounts_jpstorage755238_name'), 'default')]",
                "[resourceId('Microsoft.Storage/storageAccounts', parameters('storageAccounts_jpstorage755238_name'))]"
            ],
            "properties": {
                "accessTier": "TransactionOptimized",
                "shareQuota": 5120,
                "enabledProtocols": "SMB"
            }
        },
        {
            "type": "Microsoft.Network/networkInterfaces",
            "apiVersion": "2023-04-01",
            "name": "[parameters('networkInterfaces_ManufacturingVM_nic_name')]",
            "location": "westeurope",
            "dependsOn": [
                "[resourceId('Microsoft.Network/publicIPAddresses', parameters('publicIPAddresses_ManufacturingVM_ip_name'))]",
                "[resourceId('Microsoft.Network/virtualNetworks/subnets', parameters('virtualNetworks_ManufacturingVnet_name'), 'ManufacturingSystemSubnet')]",
                "[resourceId('Microsoft.Network/networkSecurityGroups', parameters('networkSecurityGroups_ManufacturingVM_nsg_name'))]"
            ],
            "tags": {
                "CreationDate_v1": "2023-08-27T15:15:50.2082750Z"
            },
            "kind": "Regular",
            "properties": {
                "ipConfigurations": [
                    {
                        "name": "ipconfig1",
                        "id": "[concat(resourceId('Microsoft.Network/networkInterfaces', parameters('networkInterfaces_ManufacturingVM_nic_name')), '/ipConfigurations/ipconfig1')]",
                        "etag": "W/\"27209d5c-3d51-4cfc-aa9e-51df3362ebd9\"",
                        "type": "Microsoft.Network/networkInterfaces/ipConfigurations",
                        "properties": {
                            "provisioningState": "Succeeded",
                            "privateIPAddress": "10.30.10.4",
                            "privateIPAllocationMethod": "Dynamic",
                            "publicIPAddress": {
                                "id": "[resourceId('Microsoft.Network/publicIPAddresses', parameters('publicIPAddresses_ManufacturingVM_ip_name'))]"
                            },
                            "subnet": {
                                "id": "[resourceId('Microsoft.Network/virtualNetworks/subnets', parameters('virtualNetworks_ManufacturingVnet_name'), 'ManufacturingSystemSubnet')]"
                            },
                            "primary": true,
                            "privateIPAddressVersion": "IPv4"
                        }
                    }
                ],
                "dnsSettings": {
                    "dnsServers": []
                },
                "enableAcceleratedNetworking": false,
                "enableIPForwarding": false,
                "disableTcpStateTracking": false,
                "networkSecurityGroup": {
                    "id": "[resourceId('Microsoft.Network/networkSecurityGroups', parameters('networkSecurityGroups_ManufacturingVM_nsg_name'))]"
                },
                "nicType": "Standard",
                "auxiliaryMode": "None",
                "auxiliarySku": "None"
            }
        },
        {
            "type": "Microsoft.Network/networkInterfaces",
            "apiVersion": "2023-04-01",
            "name": "[parameters('networkInterfaces_testvm1_nic_name')]",
            "location": "eastus",
            "dependsOn": [
                "[resourceId('Microsoft.Network/publicIPAddresses', parameters('publicIPAddresses_testvm1_pip_name'))]",
                "[resourceId('Microsoft.Network/virtualNetworks/subnets', parameters('virtualNetworks_CoreServicesVnet_name'), 'DatabaseSubnet')]",
                "[resourceId('Microsoft.Network/networkSecurityGroups', parameters('networkSecurityGroups_testvm1_nsg_name'))]"
            ],
            "tags": {
                "CreationDate_v1": "2023-08-27T14:55:46.9769867Z"
            },
            "kind": "Regular",
            "properties": {
                "ipConfigurations": [
                    {
                        "name": "ipconfig1",
                        "id": "[concat(resourceId('Microsoft.Network/networkInterfaces', parameters('networkInterfaces_testvm1_nic_name')), '/ipConfigurations/ipconfig1')]",
                        "etag": "W/\"6ddfb029-e698-4729-b2b9-ae69b75c7a85\"",
                        "type": "Microsoft.Network/networkInterfaces/ipConfigurations",
                        "properties": {
                            "provisioningState": "Succeeded",
                            "privateIPAddress": "10.20.20.5",
                            "privateIPAllocationMethod": "Dynamic",
                            "publicIPAddress": {
                                "id": "[resourceId('Microsoft.Network/publicIPAddresses', parameters('publicIPAddresses_testvm1_pip_name'))]"
                            },
                            "subnet": {
                                "id": "[resourceId('Microsoft.Network/virtualNetworks/subnets', parameters('virtualNetworks_CoreServicesVnet_name'), 'DatabaseSubnet')]"
                            },
                            "primary": true,
                            "privateIPAddressVersion": "IPv4"
                        }
                    }
                ],
                "dnsSettings": {
                    "dnsServers": []
                },
                "enableAcceleratedNetworking": false,
                "enableIPForwarding": false,
                "disableTcpStateTracking": false,
                "networkSecurityGroup": {
                    "id": "[resourceId('Microsoft.Network/networkSecurityGroups', parameters('networkSecurityGroups_testvm1_nsg_name'))]"
                },
                "nicType": "Standard",
                "auxiliaryMode": "None",
                "auxiliarySku": "None"
            }
        },
        {
            "type": "Microsoft.Network/networkInterfaces",
            "apiVersion": "2023-04-01",
            "name": "[parameters('networkInterfaces_testvm2_nic_name')]",
            "location": "eastus",
            "dependsOn": [
                "[resourceId('Microsoft.Network/publicIPAddresses', parameters('publicIPAddresses_testvm2_pip_name'))]",
                "[resourceId('Microsoft.Network/virtualNetworks/subnets', parameters('virtualNetworks_CoreServicesVnet_name'), 'DatabaseSubnet')]",
                "[resourceId('Microsoft.Network/networkSecurityGroups', parameters('networkSecurityGroups_testvm2_nsg_name'))]"
            ],
            "tags": {
                "CreationDate_v1": "2023-08-27T14:55:45.8249312Z"
            },
            "kind": "Regular",
            "properties": {
                "ipConfigurations": [
                    {
                        "name": "ipconfig1",
                        "id": "[concat(resourceId('Microsoft.Network/networkInterfaces', parameters('networkInterfaces_testvm2_nic_name')), '/ipConfigurations/ipconfig1')]",
                        "etag": "W/\"52cdd024-44ab-418a-b255-ff345951bd34\"",
                        "type": "Microsoft.Network/networkInterfaces/ipConfigurations",
                        "properties": {
                            "provisioningState": "Succeeded",
                            "privateIPAddress": "10.20.20.4",
                            "privateIPAllocationMethod": "Dynamic",
                            "publicIPAddress": {
                                "id": "[resourceId('Microsoft.Network/publicIPAddresses', parameters('publicIPAddresses_testvm2_pip_name'))]"
                            },
                            "subnet": {
                                "id": "[resourceId('Microsoft.Network/virtualNetworks/subnets', parameters('virtualNetworks_CoreServicesVnet_name'), 'DatabaseSubnet')]"
                            },
                            "primary": true,
                            "privateIPAddressVersion": "IPv4"
                        }
                    }
                ],
                "dnsSettings": {
                    "dnsServers": []
                },
                "enableAcceleratedNetworking": false,
                "enableIPForwarding": false,
                "disableTcpStateTracking": false,
                "networkSecurityGroup": {
                    "id": "[resourceId('Microsoft.Network/networkSecurityGroups', parameters('networkSecurityGroups_testvm2_nsg_name'))]"
                },
                "nicType": "Standard",
                "auxiliaryMode": "None",
                "auxiliarySku": "None"
            }
        }
    ]
}