{
    "$schema": "https://schema.management.azure.com/schemas/2015-01-01/deploymentParameters.json#",
    "contentVersion": "1.0.0.0",
    "parameters": {
        "sites_jpWebAppEastUS1_name": {
            "value": null
        },
        "sites_jpWebAppWestEurope1_name": {
            "value": null
        },
        "serverfarms_ASP_rgTM1_8263_name": {
            "value": null
        },
        "serverfarms_jpAppServicePlanEastUS_name": {
            "value": null
        },
        "trafficManagerProfiles_TMProfile1293_name": {
            "value": null
        }
    }
}