{
    "$schema": "https://schema.management.azure.com/schemas/2019-04-01/deploymentTemplate.json#",
    "contentVersion": "1.0.0.0",
    "parameters": {
        "sites_jpWebAppEastUS1_name": {
            "defaultValue": "jpWebAppEastUS1",
            "type": "String"
        },
        "sites_jpWebAppWestEurope1_name": {
            "defaultValue": "jpWebAppWestEurope1",
            "type": "String"
        },
        "serverfarms_ASP_rgTM1_8263_name": {
            "defaultValue": "ASP-rgTM1-8263",
            "type": "String"
        },
        "serverfarms_jpAppServicePlanEastUS_name": {
            "defaultValue": "jpAppServicePlanEastUS",
            "type": "String"
        },
        "trafficManagerProfiles_TMProfile1293_name": {
            "defaultValue": "TMProfile1293",
            "type": "String"
        }
    },
    "variables": {},
    "resources": [
        {
            "type": "Microsoft.Web/serverfarms",
            "apiVersion": "2022-09-01",
            "name": "[parameters('serverfarms_ASP_rgTM1_8263_name')]",
            "location": "West Europe",
            "tags": {
                "CreationDate_v1": "2023-08-31T23:38:51.5460660Z"
            },
            "sku": {
                "name": "S1",
                "tier": "Standard",
                "size": "S1",
                "family": "S",
                "capacity": 1
            },
            "kind": "app",
            "properties": {
                "perSiteScaling": false,
                "elasticScaleEnabled": false,
                "maximumElasticWorkerCount": 1,
                "isSpot": false,
                "reserved": false,
                "isXenon": false,
                "hyperV": false,
                "targetWorkerCount": 0,
                "targetWorkerSizeId": 0,
                "zoneRedundant": false
            }
        },
        {
            "type": "Microsoft.Web/serverfarms",
            "apiVersion": "2022-09-01",
            "name": "[parameters('serverfarms_jpAppServicePlanEastUS_name')]",
            "location": "East US",
            "tags": {
                "CreationDate_v1": "2023-08-31T23:35:13.5232248Z"
            },
            "sku": {
                "name": "S1",
                "tier": "Standard",
                "size": "S1",
                "family": "S",
                "capacity": 1
            },
            "kind": "app",
            "properties": {
                "perSiteScaling": false,
                "elasticScaleEnabled": false,
                "maximumElasticWorkerCount": 1,
                "isSpot": false,
                "reserved": false,
                "isXenon": false,
                "hyperV": false,
                "targetWorkerCount": 0,
                "targetWorkerSizeId": 0,
                "zoneRedundant": false
            }
        },
        {
            "type": "Microsoft.Web/sites",
            "apiVersion": "2022-09-01",
            "name": "[parameters('sites_jpWebAppEastUS1_name')]",
            "location": "East US",
            "dependsOn": [
                "[resourceId('Microsoft.Web/serverfarms', parameters('serverfarms_jpAppServicePlanEastUS_name'))]"
            ],
            "tags": {
                "CreationDate_v1": "2023-08-31T23:35:27.6511955Z"
            },
            "kind": "app",
            "properties": {
                "enabled": true,
                "hostNameSslStates": [
                    {
                        "name": "jpwebappeastus1.azurewebsites.net",
                        "sslState": "Disabled",
                        "hostType": "Standard"
                    },
                    {
                        "name": "tmprofile1293.trafficmanager.net",
                        "sslState": "Disabled",
                        "hostType": "Standard"
                    },
                    {
                        "name": "jpwebappeastus1.scm.azurewebsites.net",
                        "sslState": "Disabled",
                        "hostType": "Repository"
                    }
                ],
                "serverFarmId": "[resourceId('Microsoft.Web/serverfarms', parameters('serverfarms_jpAppServicePlanEastUS_name'))]",
                "reserved": false,
                "isXenon": false,
                "hyperV": false,
                "vnetRouteAllEnabled": false,
                "vnetImagePullEnabled": false,
                "vnetContentShareEnabled": false,
                "siteConfig": {
                    "numberOfWorkers": 1,
                    "acrUseManagedIdentityCreds": false,
                    "alwaysOn": true,
                    "http20Enabled": false,
                    "functionAppScaleLimit": 0,
                    "minimumElasticInstanceCount": 0
                },
                "scmSiteAlsoStopped": false,
                "clientAffinityEnabled": true,
                "clientCertEnabled": false,
                "clientCertMode": "Required",
                "hostNamesDisabled": false,
                "customDomainVerificationId": "7D53C6AFF040B506D5AB1623DA41FE7D7EDF0695CA6FF3100C5EFF62690C1DEC",
                "containerSize": 0,
                "dailyMemoryTimeQuota": 0,
                "httpsOnly": true,
                "redundancyMode": "None",
                "publicNetworkAccess": "Enabled",
                "storageAccountRequired": false,
                "keyVaultReferenceIdentity": "SystemAssigned"
            }
        },
        {
            "type": "Microsoft.Web/sites",
            "apiVersion": "2022-09-01",
            "name": "[parameters('sites_jpWebAppWestEurope1_name')]",
            "location": "West Europe",
            "dependsOn": [
                "[resourceId('Microsoft.Web/serverfarms', parameters('serverfarms_ASP_rgTM1_8263_name'))]"
            ],
            "tags": {
                "CreationDate_v1": "2023-08-31T23:39:09.9874651Z"
            },
            "kind": "app",
            "properties": {
                "enabled": true,
                "hostNameSslStates": [
                    {
                        "name": "jpwebappwesteurope1.azurewebsites.net",
                        "sslState": "Disabled",
                        "hostType": "Standard"
                    },
                    {
                        "name": "tmprofile1293.trafficmanager.net",
                        "sslState": "Disabled",
                        "hostType": "Standard"
                    },
                    {
                        "name": "jpwebappwesteurope1.scm.azurewebsites.net",
                        "sslState": "Disabled",
                        "hostType": "Repository"
                    }
                ],
                "serverFarmId": "[resourceId('Microsoft.Web/serverfarms', parameters('serverfarms_ASP_rgTM1_8263_name'))]",
                "reserved": false,
                "isXenon": false,
                "hyperV": false,
                "vnetRouteAllEnabled": false,
                "vnetImagePullEnabled": false,
                "vnetContentShareEnabled": false,
                "siteConfig": {
                    "numberOfWorkers": 1,
                    "acrUseManagedIdentityCreds": false,
                    "alwaysOn": true,
                    "http20Enabled": false,
                    "functionAppScaleLimit": 0,
                    "minimumElasticInstanceCount": 0
                },
                "scmSiteAlsoStopped": false,
                "clientAffinityEnabled": true,
                "clientCertEnabled": false,
                "clientCertMode": "Required",
                "hostNamesDisabled": false,
                "customDomainVerificationId": "7D53C6AFF040B506D5AB1623DA41FE7D7EDF0695CA6FF3100C5EFF62690C1DEC",
                "containerSize": 0,
                "dailyMemoryTimeQuota": 0,
                "httpsOnly": true,
                "redundancyMode": "None",
                "publicNetworkAccess": "Enabled",
                "storageAccountRequired": false,
                "keyVaultReferenceIdentity": "SystemAssigned"
            }
        },
        {
            "type": "Microsoft.Web/sites/basicPublishingCredentialsPolicies",
            "apiVersion": "2022-09-01",
            "name": "[concat(parameters('sites_jpWebAppEastUS1_name'), '/ftp')]",
            "location": "East US",
            "dependsOn": [
                "[resourceId('Microsoft.Web/sites', parameters('sites_jpWebAppEastUS1_name'))]"
            ],
            "tags": {
                "CreationDate_v1": "2023-08-31T23:35:27.6511955Z"
            },
            "properties": {
                "allow": true
            }
        },
        {
            "type": "Microsoft.Web/sites/basicPublishingCredentialsPolicies",
            "apiVersion": "2022-09-01",
            "name": "[concat(parameters('sites_jpWebAppWestEurope1_name'), '/ftp')]",
            "location": "West Europe",
            "dependsOn": [
                "[resourceId('Microsoft.Web/sites', parameters('sites_jpWebAppWestEurope1_name'))]"
            ],
            "tags": {
                "CreationDate_v1": "2023-08-31T23:39:09.9874651Z"
            },
            "properties": {
                "allow": true
            }
        },
        {
            "type": "Microsoft.Web/sites/basicPublishingCredentialsPolicies",
            "apiVersion": "2022-09-01",
            "name": "[concat(parameters('sites_jpWebAppEastUS1_name'), '/scm')]",
            "location": "East US",
            "dependsOn": [
                "[resourceId('Microsoft.Web/sites', parameters('sites_jpWebAppEastUS1_name'))]"
            ],
            "tags": {
                "CreationDate_v1": "2023-08-31T23:35:27.6511955Z"
            },
            "properties": {
                "allow": true
            }
        },
        {
            "type": "Microsoft.Web/sites/basicPublishingCredentialsPolicies",
            "apiVersion": "2022-09-01",
            "name": "[concat(parameters('sites_jpWebAppWestEurope1_name'), '/scm')]",
            "location": "West Europe",
            "dependsOn": [
                "[resourceId('Microsoft.Web/sites', parameters('sites_jpWebAppWestEurope1_name'))]"
            ],
            "tags": {
                "CreationDate_v1": "2023-08-31T23:39:09.9874651Z"
            },
            "properties": {
                "allow": true
            }
        },
        {
            "type": "Microsoft.Web/sites/config",
            "apiVersion": "2022-09-01",
            "name": "[concat(parameters('sites_jpWebAppEastUS1_name'), '/web')]",
            "location": "East US",
            "dependsOn": [
                "[resourceId('Microsoft.Web/sites', parameters('sites_jpWebAppEastUS1_name'))]"
            ],
            "tags": {
                "CreationDate_v1": "2023-08-31T23:35:27.6511955Z"
            },
            "properties": {
                "numberOfWorkers": 1,
                "defaultDocuments": [
                    "Default.htm",
                    "Default.html",
                    "Default.asp",
                    "index.htm",
                    "index.html",
                    "iisstart.htm",
                    "default.aspx",
                    "index.php",
                    "hostingstart.html"
                ],
                "netFrameworkVersion": "v4.0",
                "requestTracingEnabled": false,
                "remoteDebuggingEnabled": false,
                "httpLoggingEnabled": false,
                "acrUseManagedIdentityCreds": false,
                "logsDirectorySizeLimit": 35,
                "detailedErrorLoggingEnabled": false,
                "publishingUsername": "$jpWebAppEastUS1",
                "scmType": "None",
                "use32BitWorkerProcess": true,
                "webSocketsEnabled": false,
                "alwaysOn": true,
                "managedPipelineMode": "Integrated",
                "virtualApplications": [
                    {
                        "virtualPath": "/",
                        "physicalPath": "site\\wwwroot",
                        "preloadEnabled": true
                    }
                ],
                "loadBalancing": "LeastRequests",
                "experiments": {
                    "rampUpRules": []
                },
                "autoHealEnabled": false,
                "vnetRouteAllEnabled": false,
                "vnetPrivatePortsCount": 0,
                "publicNetworkAccess": "Enabled",
                "localMySqlEnabled": false,
                "ipSecurityRestrictions": [
                    {
                        "ipAddress": "Any",
                        "action": "Allow",
                        "priority": 2147483647,
                        "name": "Allow all",
                        "description": "Allow all access"
                    }
                ],
                "scmIpSecurityRestrictions": [
                    {
                        "ipAddress": "Any",
                        "action": "Allow",
                        "priority": 2147483647,
                        "name": "Allow all",
                        "description": "Allow all access"
                    }
                ],
                "scmIpSecurityRestrictionsUseMain": false,
                "http20Enabled": false,
                "minTlsVersion": "1.2",
                "scmMinTlsVersion": "1.2",
                "ftpsState": "FtpsOnly",
                "preWarmedInstanceCount": 0,
                "elasticWebAppScaleLimit": 0,
                "functionsRuntimeScaleMonitoringEnabled": false,
                "minimumElasticInstanceCount": 0,
                "azureStorageAccounts": {}
            }
        },
        {
            "type": "Microsoft.Web/sites/config",
            "apiVersion": "2022-09-01",
            "name": "[concat(parameters('sites_jpWebAppWestEurope1_name'), '/web')]",
            "location": "West Europe",
            "dependsOn": [
                "[resourceId('Microsoft.Web/sites', parameters('sites_jpWebAppWestEurope1_name'))]"
            ],
            "tags": {
                "CreationDate_v1": "2023-08-31T23:39:09.9874651Z"
            },
            "properties": {
                "numberOfWorkers": 1,
                "defaultDocuments": [
                    "Default.htm",
                    "Default.html",
                    "Default.asp",
                    "index.htm",
                    "index.html",
                    "iisstart.htm",
                    "default.aspx",
                    "index.php",
                    "hostingstart.html"
                ],
                "netFrameworkVersion": "v4.0",
                "requestTracingEnabled": false,
                "remoteDebuggingEnabled": false,
                "httpLoggingEnabled": false,
                "acrUseManagedIdentityCreds": false,
                "logsDirectorySizeLimit": 35,
                "detailedErrorLoggingEnabled": false,
                "publishingUsername": "$jpWebAppWestEurope1",
                "scmType": "None",
                "use32BitWorkerProcess": true,
                "webSocketsEnabled": false,
                "alwaysOn": true,
                "managedPipelineMode": "Integrated",
                "virtualApplications": [
                    {
                        "virtualPath": "/",
                        "physicalPath": "site\\wwwroot",
                        "preloadEnabled": true
                    }
                ],
                "loadBalancing": "LeastRequests",
                "experiments": {
                    "rampUpRules": []
                },
                "autoHealEnabled": false,
                "vnetRouteAllEnabled": false,
                "vnetPrivatePortsCount": 0,
                "publicNetworkAccess": "Enabled",
                "localMySqlEnabled": false,
                "ipSecurityRestrictions": [
                    {
                        "ipAddress": "Any",
                        "action": "Allow",
                        "priority": 2147483647,
                        "name": "Allow all",
                        "description": "Allow all access"
                    }
                ],
                "scmIpSecurityRestrictions": [
                    {
                        "ipAddress": "Any",
                        "action": "Allow",
                        "priority": 2147483647,
                        "name": "Allow all",
                        "description": "Allow all access"
                    }
                ],
                "scmIpSecurityRestrictionsUseMain": false,
                "http20Enabled": false,
                "minTlsVersion": "1.2",
                "scmMinTlsVersion": "1.2",
                "ftpsState": "FtpsOnly",
                "preWarmedInstanceCount": 0,
                "elasticWebAppScaleLimit": 0,
                "functionsRuntimeScaleMonitoringEnabled": false,
                "minimumElasticInstanceCount": 0,
                "azureStorageAccounts": {}
            }
        },
        {
            "type": "Microsoft.Web/sites/hostNameBindings",
            "apiVersion": "2022-09-01",
            "name": "[concat(parameters('sites_jpWebAppEastUS1_name'), '/', parameters('sites_jpWebAppEastUS1_name'), '.azurewebsites.net')]",
            "location": "East US",
            "dependsOn": [
                "[resourceId('Microsoft.Web/sites', parameters('sites_jpWebAppEastUS1_name'))]"
            ],
            "properties": {
                "siteName": "jpWebAppEastUS1",
                "hostNameType": "Verified"
            }
        },
        {
            "type": "Microsoft.Web/sites/hostNameBindings",
            "apiVersion": "2022-09-01",
            "name": "[concat(parameters('sites_jpWebAppWestEurope1_name'), '/', parameters('sites_jpWebAppWestEurope1_name'), '.azurewebsites.net')]",
            "location": "West Europe",
            "dependsOn": [
                "[resourceId('Microsoft.Web/sites', parameters('sites_jpWebAppWestEurope1_name'))]"
            ],
            "properties": {
                "siteName": "jpWebAppWestEurope1",
                "hostNameType": "Verified"
            }
        },
        {
            "type": "Microsoft.Web/sites/hostNameBindings",
            "apiVersion": "2022-09-01",
            "name": "[concat(parameters('sites_jpWebAppEastUS1_name'), '/tmprofile1293.trafficmanager.net')]",
            "location": "East US",
            "dependsOn": [
                "[resourceId('Microsoft.Web/sites', parameters('sites_jpWebAppEastUS1_name'))]"
            ],
            "properties": {
                "siteName": "jpWebAppEastUS1",
                "hostNameType": "Verified"
            }
        },
        {
            "type": "Microsoft.Web/sites/hostNameBindings",
            "apiVersion": "2022-09-01",
            "name": "[concat(parameters('sites_jpWebAppWestEurope1_name'), '/tmprofile1293.trafficmanager.net')]",
            "location": "West Europe",
            "dependsOn": [
                "[resourceId('Microsoft.Web/sites', parameters('sites_jpWebAppWestEurope1_name'))]"
            ],
            "properties": {
                "siteName": "jpWebAppWestEurope1",
                "hostNameType": "Verified"
            }
        },
        {
            "type": "Microsoft.Web/sites/snapshots",
            "apiVersion": "2015-08-01",
            "name": "[concat(parameters('sites_jpWebAppWestEurope1_name'), '/2023-08-31T23_56_00_6287767')]",
            "dependsOn": [
                "[resourceId('Microsoft.Web/sites', parameters('sites_jpWebAppWestEurope1_name'))]"
            ]
        },
        {
            "type": "Microsoft.Network/trafficManagerProfiles",
            "apiVersion": "2022-04-01",
            "name": "[parameters('trafficManagerProfiles_TMProfile1293_name')]",
            "location": "global",
            "dependsOn": [
                "[resourceId('Microsoft.Web/sites', parameters('sites_jpWebAppEastUS1_name'))]",
                "[resourceId('Microsoft.Web/sites', parameters('sites_jpWebAppWestEurope1_name'))]"
            ],
            "tags": {
                "CreationDate_v1": "2023-09-01T00:04:27.8586297Z"
            },
            "properties": {
                "profileStatus": "Enabled",
                "trafficRoutingMethod": "Priority",
                "dnsConfig": {
                    "relativeName": "tmprofile1293",
                    "ttl": 60
                },
                "monitorConfig": {
                    "profileMonitorStatus": "Degraded",
                    "protocol": "HTTP",
                    "port": 80,
                    "path": "/",
                    "intervalInSeconds": 30,
                    "toleratedNumberOfFailures": 3,
                    "timeoutInSeconds": 10
                },
                "endpoints": [
                    {
                        "id": "[concat(resourceId('Microsoft.Network/trafficManagerProfiles', parameters('trafficManagerProfiles_TMProfile1293_name')), '/azureEndpoints/myPrimaryEndpoint')]",
                        "name": "myPrimaryEndpoint",
                        "type": "Microsoft.Network/trafficManagerProfiles/azureEndpoints",
                        "properties": {
                            "endpointStatus": "Disabled",
                            "endpointMonitorStatus": "Disabled",
                            "targetResourceId": "[resourceId('Microsoft.Web/sites', parameters('sites_jpWebAppEastUS1_name'))]",
                            "target": "jpwebappeastus1.azurewebsites.net",
                            "weight": 1,
                            "priority": 1,
                            "endpointLocation": "East US",
                            "alwaysServe": "Disabled"
                        }
                    },
                    {
                        "id": "[concat(resourceId('Microsoft.Network/trafficManagerProfiles', parameters('trafficManagerProfiles_TMProfile1293_name')), '/azureEndpoints/MyFailoverEndpoint')]",
                        "name": "MyFailoverEndpoint",
                        "type": "Microsoft.Network/trafficManagerProfiles/azureEndpoints",
                        "properties": {
                            "endpointStatus": "Enabled",
                            "endpointMonitorStatus": "Degraded",
                            "targetResourceId": "[resourceId('Microsoft.Web/sites', parameters('sites_jpWebAppWestEurope1_name'))]",
                            "target": "jpwebappwesteurope1.azurewebsites.net",
                            "weight": 1,
                            "priority": 2,
                            "endpointLocation": "West Europe",
                            "alwaysServe": "Disabled"
                        }
                    }
                ],
                "trafficViewEnrollmentStatus": "Disabled",
                "maxReturn": 0
            }
        }
    ]
}